tariff_code,tariff_country_description,material_composition,gender_name,customs_description,outsole_material,product_type
6404119002,Australia,Upper: Textile / Sole: Rubber,Men,Shoes,Rubber,Low cut
6404119002,Australia,"Upper:Textile Polyester 58%, Synthetic thermoplastic polyurethane  31%, Rubber 11%. Sole: Rubber",Men,Low cut Shoes,Rubber,Low cut
6402999032,Australia,Upper: Plastic / Sole: Rubber,Men,Shoes,Rubber,Low cut
6404119002,Australia,Upper: Textile / Sole: Rubber,Men,Shoes,Missiongrip Rubber,Mid Cut
6402919012,Australia,Upper: Plastic / Sole: Rubber,Men,Shoes,Rubber,Mid Cut
6404119002,Australia,Upper: Textile / Sole: Rubber,Men,Shoes,Rubber,Mid Cut
6404119001,Australia,Upper: Textile / Sole: Rubber,Women,Shoes,Rubber,Low cut
6404119001,Australia,"Upper:Textile Polyester 58%, Synthetic thermoplastic polyurethane  31%, Rubber 11%. Sole: Rubber",Women,Low cut Shoes,Rubber,Low cut
6404119001,Australia,Upper: Textile / Sole: Rubber,Women,Shoes,Missiongrip Rubber,Low cut
6404119001,Australia,Upper: Textile / Sole: Rubber,Women,Shoes,Missiongrip Rubber,High Cut
6404119001,Australia,Upper: Textile / Sole: Rubber,Women,Shoes,Missiongrip Rubber,Mid Cut
6402919011,Australia,Upper: Plastic / Sole: Rubber,Women,Shoes,Missiongrip Rubber,Mid Cut
6404119001,Australia,Upper: Textile / Sole: Rubber,Women,Shoes,Rubber,Mid Cut
6404119001,Australia,Upper: Textile / Sole: Rubber,Women,Shoes,Pebax,Low cut
6404119003,Australia,Upper: Textile / Sole: Rubber,Youth,Shoes,Pebax,Low cut
6404119003,Australia,Upper: Textile / Sole: Rubber,Youth,Shoes,Pebax,Mid Cut
6404119003,Australia,Upper: Textile / Sole: Rubber,Youth,Shoes,Missiongrip Rubber,Mid Cut
6404119003,Australia,Upper: Textile / Sole: Rubber,Youth,Shoes,Missiongrip Rubber,Low cut
6404119003,Australia,Upper: Textile / Sole: Rubber,Kids,Shoes,Missiongrip Rubber,Low cut
6402919012,Australia,Upper: Plastic / Sole: Rubber,Men,Shoes,Missiongrip Rubber,Mid Cut
6402999032,Australia,Upper: Plastic / Sole: Rubber,Men,Shoes,Missiongrip Rubber,Mid Cut
6404119003,Australia,Upper: Textile / Sole: Rubber,Kids,Shoes,Rubber,Low cut
6402999033,Australia,Upper: Plastic / Sole: Rubber,Kids,Shoes,Rubber,Low cut
6404119002,Australia,Upper: Textile / Sole: Rubber,Men,Shoes,TPU,Low cut
6402999032,Australia,"Upper:Textile Polyester 33%, Synthetic thermoplastic polyurethane  67%. Sole: Rubber",Men,Low cut Shoes,Rubber,Low cut
6404119002,Australia,"Upper:Textile Polyester 89%, Synthetic thermoplastic polyurethane  11%. Sole: Rubber",Men,Low cut Shoes,Rubber,Low cut
6404119002,Australia,"Upper:Textile Polyester 60%, Synthetic thermoplastic polyurethane 40%. Sole: Rubber",Men,Low cut Shoes,Rubber,Low cut
6404119002,Australia,Upper: Textile / Sole: Rubber,Men,Cyclon Shoes,Pebax,Low cut
6404119002,Australia,"Upper:Textile Polyester 71%, Synthetic thermoplastic polyurethane  29%. Sole: Rubber",Men,Low cut Shoes,Rubber,Low cut
6402999032,Australia,"Upper:Textile Polyester 44%, Synthetic thermoplastic polyurethane  56%. Sole: Rubber",Men,Low cut Shoes,Rubber,Low cut
6404119002,Australia,"Upper:Textile Polyester 72%, Synthetic thermoplastic polyurethane  28%. Sole: Rubber",Men,Low cut Shoes,Rubber,Low cut
6404119002,Australia,"Upper:Textile Polyester 52%, Synthetic thermoplastic polyurethane  48%. Sole: Rubber",Men,Low cut Shoes,Rubber,Low cut
6402999032,Australia,"Upper:Textile Polyester 33%, Synthetic thermoplastic polyurethane  67%. Sole: Rubber",Men,Shoes,Rubber,Low cut
6404119002,Australia,"Upper:Textile Polyester 84%, Synthetic thermoplastic polyurethane  16%. Sole: Rubber",Men,Low cut Shoes,Rubber,Low cut
6402999033,Australia,Upper: Synthetic thermoplastic polyurethane  100%. Sole: Rubber,Unisex,Low cut Shoes,Rubber,Low cut
6402919011,Australia,Upper: Plastic / Sole: Rubber,Women,Shoes,Rubber,Mid Cut
6402999031,Australia,"Upper:Textile Polyester 33%, Synthetic thermoplastic polyurethane  67%. Sole: Rubber",Women,Low cut Shoes,Rubber,Low cut
6404119001,Australia,Upper: Textile / Sole: Rubber,Women,Cyclon Shoes,Pebax,Low cut
6404119001,Australia,"Upper:Textile Polyester 71%, Synthetic thermoplastic polyurethane  29%. Sole: Rubber",Women,Low cut Shoes,Rubber,Low cut
6402999031,Australia,"Upper:Textile Polyester 44%, Synthetic thermoplastic polyurethane  56%. Sole: Rubber",Women,Low cut Shoes,Rubber,Low cut
6404119001,Australia,"Upper:Textile Polyester 72%, Synthetic thermoplastic polyurethane  28%. Sole: Rubber",Women,Low cut Shoes,Rubber,Low cut
6404119001,Australia,"Upper:Textile Polyester 58%, Synthetic thermoplastic polyurethane  42%. Sole: Rubber",Women,High Cut Shoes,Missiongrip Rubber,High Cut
6404119001,Australia,"Upper:Textile Polyester 52%, Synthetic thermoplastic polyurethane  48%. Sole: Rubber",Women,Low cut Shoes,Rubber,Low cut
6402999031,Australia,"Upper:Textile Polyester 33%, Synthetic thermoplastic polyurethane  67%. Sole: Rubber",Women,Shoes,Rubber,Low cut
6404119001,Australia,"Upper:Textile Polyester 84%, Synthetic thermoplastic polyurethane  16%. Sole: Rubber",Women,Low cut Shoes,Rubber,Low cut
6404119003,Australia,Upper: Textile / Sole: Rubber,Youth,Shoes,Rubber,Low cut
6402999032,Australia,Upper: Plastic / Sole: Rubber,Men,Shoes,Helion,Low cut
6404119002,Australia,"Upper:Textile Polyester 88%, Synthetic thermoplastic polyurethane  12%. Sole: Rubber",Men,Low cut Shoes,PA11 8% GF,Low cut
6404119002,Australia,Upper:Textile/ Sole: Rubber,Men,Low cut Shoes,PA11 8% GF,Low cut
6404119001,Australia,Upper: Textile / Sole: Rubber,Women,Shoes,TPU,Low cut
6404119001,Australia,"Upper:Textile Polyester 60%, Synthetic thermoplastic polyurethane 40%. Sole: Rubber",Women,Low cut Shoes,Rubber,Low cut
6404119002,Australia,Upper: Textile / Sole: Rubber,Women,Shoes,Rubber,Low cut
6404119001,Australia,Upper:Textile/ Sole: Rubber,Women,Low cut Shoes,PA11 8% GF,Low cut
6404119001,Australia,"Upper:Textile Polyester 85%, Synthetic thermoplastic polyurethane  15%. Sole: Rubber",Women,Low cut Shoes,PA11 8% GF,Low cut
64041100,Brazil,Upper: Textile / Sole: Rubber,Men,Shoes,Missiongrip Rubber,Low cut
64041100,Brazil,Upper: Textile / Sole: Rubber,Men,Shoes,Missiongrip Rubber,High Cut
64041100,Brazil,Upper: Textile / Sole: Rubber,Men,Shoes,Missiongrip Rubber,Mid Cut
64029990,Brazil,Upper: Plastic / Sole: Rubber,Men,Shoes,Rubber,Low cut
64041100,Brazil,Upper: Textile / Sole: Rubber,Men,Shoes,Rubber,Mid Cut
64041100,Brazil,Upper: Textile / Sole: Rubber,Men,Shoes,Pebax,Low cut
64041100,Brazil,Upper: Textile / Sole: Rubber,Women,Shoes,Rubber,Low cut
64029990,Brazil,Upper: Plastic / Sole: Rubber,Women,Shoes,Rubber,Low cut
64041100,Brazil,Upper: Textile / Sole: Rubber,Women,Shoes,Missiongrip Rubber,Low cut
64041100,Brazil,Upper: Textile / Sole: Rubber,Women,Shoes,Missiongrip Rubber,High Cut
64029190,Brazil,Upper: Plastic / Sole: Rubber,Women,Shoes,Missiongrip Rubber,Mid Cut
64041100,Brazil,Upper: Textile / Sole: Rubber,Women,Shoes,Rubber,Mid Cut
64041100,Brazil,Upper: Textile / Sole: Rubber,Women,Shoes,Pebax,Low cut
64041100,Brazil,Upper: Textile / Sole: Rubber,Youth,Shoes,Pebax,Low cut
64041100,Brazil,Upper: Textile / Sole: Rubber,Youth,Shoes,Pebax,Mid Cut
64041100,Brazil,Upper: Textile / Sole: Rubber,Youth,Shoes,Missiongrip Rubber,Mid Cut
64041100,Brazil,Upper: Textile / Sole: Rubber,Youth,Shoes,Missiongrip Rubber,Low cut
64041100,Brazil,Upper: Textile / Sole: Rubber,Kids,Shoes,Missiongrip Rubber,Low cut
64029990,Brazil,Upper: Plastic / Sole: Rubber,Men,Shoes,Missiongrip Rubber,Low cut
64029190,Brazil,Upper: Plastic / Sole: Rubber,Men,Shoes,Missiongrip Rubber,Mid Cut
64029990,Brazil,Upper: Plastic / Sole: Rubber,Men,Shoes,Missiongrip Rubber,Mid Cut
64029990,Brazil,Upper: Plastic / Sole: Rubber,Women,Shoes,Missiongrip Rubber,Mid Cut
64041100,Brazil,Upper: Textile / Sole: Rubber,Kids,Shoes,Rubber,Low cut
64041100,Brazil,Upper: Textile / Sole: Rubber,Kids,Shoes,Missiongrip Rubber,Mid Cut
64029990,Brazil,Upper: Plastic / Sole: Rubber,Kids,Shoes,Rubber,Low cut
64029990,Brazil,"Upper:Textile Polyester 33%, Synthetic thermoplastic polyurethane  67%. Sole: Rubber",Men,Low cut Shoes,Rubber,Low cut
64041100,Brazil,"Upper:Textile Polyester 89%, Synthetic thermoplastic polyurethane  11%. Sole: Rubber",Men,Low cut Shoes,Rubber,Low cut
64041100,Brazil,"Upper:Textile Polyester 60%, Synthetic thermoplastic polyurethane 40%. Sole: Rubber",Men,Low cut Shoes,Rubber,Low cut
64041100,Brazil,Upper: Textile / Sole: Rubber,Men,Cyclon Shoes,Pebax,Low cut
64041100,Brazil,"Upper:Textile Polyester 84%, Synthetic thermoplastic polyurethane  16%. Sole: Rubber",Men,Low cut Shoes,Rubber,Low cut
64029990,Brazil,"Upper:Textile Polyester 44%, Synthetic thermoplastic polyurethane  56%. Sole: Rubber",Men,Low cut Shoes,Rubber,Low cut
64041100,Brazil,"Upper:Textile Polyester 52%, Synthetic thermoplastic polyurethane  48%. Sole: Rubber",Men,Low cut Shoes,Rubber,Low cut
64029990,Brazil,"Upper:Textile Polyester 33%, Synthetic thermoplastic polyurethane  67%. Sole: Rubber",Men,Shoes,Rubber,Low cut
64041100,Brazil,"Upper:Textile Polyester 56%, Synthetic thermoplastic polyurethane 44%. Sole: Rubber",Men,Low cut Shoes,Missiongrip Rubber,Low cut
64041100,Brazil,"Upper:Textile Polyester 58%, Synthetic thermoplastic polyurethane  31%, Rubber 11%. Sole: Rubber",Men,Low cut Shoes,Rubber,Low cut
64029990,Brazil,Upper: Synthetic thermoplastic polyurethane  100%. Sole: Rubber,Unisex,Low cut Shoes,Rubber,Low cut
64029190,Brazil,Upper: Plastic / Sole: Rubber,Women,Shoes,Rubber,Mid Cut
64029990,Brazil,"Upper:Textile Polyester 33%, Synthetic thermoplastic polyurethane  67%. Sole: Rubber",Women,Low cut Shoes,Rubber,Low cut
64041100,Brazil,"Upper:Textile Polyester 89%, Synthetic thermoplastic polyurethane  11%. Sole: Rubber",Women,Low cut Shoes,Rubber,Low cut
64029990,Brazil,"Upper:Textile Polyester 44%, Synthetic thermoplastic polyurethane  56%. Sole: Rubber",Women,Low cut Shoes,Rubber,Low cut
64041100,Brazil,"Upper:Textile Polyester 58%, Synthetic thermoplastic polyurethane  42%. Sole: Rubber",Women,High Cut Shoes,Missiongrip Rubber,High Cut
64029990,Brazil,"Upper:Textile Polyester 33%, Synthetic thermoplastic polyurethane  67%. Sole: Rubber",Women,Shoes,Rubber,Low cut
64041100,Brazil,"Upper:Textile Polyester 84%, Synthetic thermoplastic polyurethane  16%. Sole: Rubber",Women,Low cut Shoes,Rubber,Low cut
64041100,Brazil,"Upper:Textile Polyester 58%, Synthetic thermoplastic polyurethane  31%, Rubber 11%. Sole: Rubber",Women,Low cut Shoes,Rubber,Low cut
64029990,Brazil,Upper: Plastic / Sole: Rubber,Men,Shoes,Helion,Low cut
64041100,Brazil,"Upper:Textile Polyester 88%, Synthetic thermoplastic polyurethane  12%. Sole: Rubber",Men,Low cut Shoes,PA11 8% GF,Low cut
64041100,Brazil,"Upper:Textile Polyester 85%, Synthetic thermoplastic polyurethane  15%. Sole: Rubber",Men,Low cut Shoes,PA11 8% GF,Low cut
64041100,Brazil,Upper: Textile / Sole: Rubber,Women,Shoes,TPU,Low cut
6404119921,Canada,Upper: Textile / Sole: Rubber,Men,Shoes,Rubber,Low cut
6404119921,Canada,"Upper:Textile Polyester 58%, Synthetic thermoplastic polyurethane  31%, Rubber 11%. Sole: Rubber",Men,Low cut Shoes,Rubber,Low cut
6402999091,Canada,Upper: Plastic / Sole: Rubber,Men,Shoes,Rubber,Low cut
6404119100,Canada,Upper: Textile / Sole: Rubber,Men,Shoes,Missiongrip Rubber,High Cut
6404119100,Canada,Upper: Textile / Sole: Rubber,Men,Shoes,Missiongrip Rubber,Mid Cut
6402919020,Canada,Upper: Plastic / Sole: Rubber,Men,Shoes,Rubber,Mid Cut
6404119100,Canada,Upper: Textile / Sole: Rubber,Men,Shoes,Rubber,Mid Cut
6404119921,Canada,Upper: Textile / Sole: Rubber,Men,Shoes,Rubber,Mid Cut
6404119922,Canada,Upper: Textile / Sole: Rubber,Women,Shoes,Rubber,Low cut
6402999092,Canada,Upper: Plastic / Sole: Rubber,Women,Shoes,Rubber,Low cut
6404119922,Canada,Upper: Textile / Sole: Rubber,Women,Shoes,Missiongrip Rubber,Low cut
6404119100,Canada,Upper: Textile / Sole: Rubber,Women,Shoes,Missiongrip Rubber,High Cut
6404119100,Canada,Upper: Textile / Sole: Rubber,Women,Shoes,Missiongrip Rubber,Mid Cut
6402999092,Canada,Upper: Plastic / Sole: Rubber,Women,Shoes,Missiongrip Rubber,Low cut
6404119922,Canada,Upper: Textile / Sole: Rubber,Women,Shoes,Rubber,Mid Cut
6404119922,Canada,Upper: Textile / Sole: Rubber,Women,Shoes,Pebax,Low cut
6404119990,Canada,Upper: Textile / Sole: Rubber,Youth,Shoes,Pebax,Low cut
6404119922,Canada,Upper: Textile / Sole: Rubber,Youth,Shoes,Pebax,Low cut
6404119922,Canada,Upper: Textile / Sole: Rubber,Youth,Shoes,Pebax,Mid Cut
6404119922,Canada,Upper: Textile / Sole: Rubber,Youth,Shoes,Missiongrip Rubber,Mid Cut
6404119922,Canada,Upper: Textile / Sole: Rubber,Youth,Shoes,Missiongrip Rubber,Low cut
6404119990,Canada,Upper: Textile / Sole: Rubber,Kids,Shoes,Missiongrip Rubber,Low cut
6402999091,Canada,Upper: Plastic / Sole: Rubber,Men,Shoes,Missiongrip Rubber,Low cut
6402999091,Canada,Upper: Plastic / Sole: Rubber,Men,Shoes,Missiongrip Rubber,Mid Cut
6404119100,Canada,Upper: Textile / Sole: Rubber,Women,Shoes,Missiongrip Rubber,Low cut
6402999092,Canada,Upper: Plastic / Sole: Rubber,Women,Shoes,Missiongrip Rubber,Mid Cut
6404119990,Canada,Upper: Textile / Sole: Rubber,Youth,Shoes,Missiongrip Rubber,Low cut
6404119990,Canada,Upper: Textile / Sole: Rubber,Kids,Shoes,Rubber,Low cut
6404119922,Canada,Upper: Textile / Sole: Rubber,Kids,Shoes,Rubber,Low cut
6404119922,Canada,Upper: Textile / Sole: Rubber,Kids,Shoes,Missiongrip Rubber,Low cut
6404119921,Canada,Upper: Textile / Sole: Rubber,Men,Shoes,TPU,Low cut
6404119921,Canada,Upper: Textile / Sole: Rubber,Men,Shoes,Missiongrip Rubber,Mid Cut
6402999091,Canada,"Upper:Textile Polyester 33%, Synthetic thermoplastic polyurethane  67%. Sole: Rubber",Men,Low cut Shoes,Rubber,Low cut
6404119921,Canada,"Upper:Textile Polyester 89%, Synthetic thermoplastic polyurethane  11%. Sole: Rubber",Men,Low cut Shoes,Rubber,Low cut
6404119921,Canada,"Upper:Textile Polyester 60%, Synthetic thermoplastic polyurethane 40%. Sole: Rubber",Men,Low cut Shoes,Rubber,Low cut
6404119921,Canada,Upper: Textile / Sole: Rubber,Men,Cyclon Shoes,Pebax,Low cut
6404119921,Canada,"Upper:Textile Polyester 71%, Synthetic thermoplastic polyurethane  29%. Sole: Rubber",Men,Low cut Shoes,Rubber,Low cut
6402999091,Canada,"Upper:Textile Polyester 44%, Synthetic thermoplastic polyurethane  56%. Sole: Rubber",Men,Low cut Shoes,Rubber,Low cut
6404119921,Canada,"Upper:Textile Polyester 52%, Synthetic thermoplastic polyurethane  48%. Sole: Rubber",Men,Low cut Shoes,Rubber,Low cut
6404119921,Canada,"Upper:Textile Polyester 56%, Synthetic thermoplastic polyurethane 44%. Sole: Rubber",Men,Low cut Shoes,Missiongrip Rubber,Low cut
6404119921,Canada,"Upper:Textile Polyester 84%, Synthetic thermoplastic polyurethane  16%. Sole: Rubber",Men,Low cut Shoes,Rubber,Low cut
6404119922,Canada,Upper: Textile / Sole: Rubber,Women,Shoes,Missiongrip Rubber,Mid Cut
6402919030,Canada,Upper: Plastic / Sole: Rubber,Women,Shoes,Rubber,Mid Cut
6404119922,Canada,"Upper:Textile Polyester 89%, Synthetic thermoplastic polyurethane  11%. Sole: Rubber",Women,Low cut Shoes,Rubber,Low cut
6404119921,Canada,Upper: Textile / Sole: Rubber,Women,Shoes,Missiongrip Rubber,Low cut
6404119922,Canada,Upper: Textile / Sole: Rubber,Women,Cyclon Shoes,Pebax,Low cut
6404119922,Canada,"Upper:Textile Polyester 71%, Synthetic thermoplastic polyurethane  29%. Sole: Rubber",Women,Low cut Shoes,Rubber,Low cut
6404119922,Canada,"Upper:Textile Polyester 72%, Synthetic thermoplastic polyurethane  28%. Sole: Rubber",Women,Low cut Shoes,Rubber,Low cut
6404119922,Canada,"Upper:Textile Polyester 58%, Synthetic thermoplastic polyurethane  42%. Sole: Rubber",Women,High Cut Shoes,Missiongrip Rubber,High Cut
6404119922,Canada,"Upper:Textile Polyester 52%, Synthetic thermoplastic polyurethane  48%. Sole: Rubber",Women,Low cut Shoes,Rubber,Low cut
6402999092,Canada,"Upper:Textile Polyester 33%, Synthetic thermoplastic polyurethane  67%. Sole: Rubber",Women,Shoes,Rubber,Low cut
6404119922,Canada,"Upper:Textile Polyester 84%, Synthetic thermoplastic polyurethane  16%. Sole: Rubber",Women,Low cut Shoes,Rubber,Low cut
6404119990,Canada,Upper: Textile / Sole: Rubber,Youth,Shoes,Rubber,Low cut
6402999091,Canada,Upper: Plastic / Sole: Rubber,Men,Shoes,Helion,Low cut
6404119921,Canada,"Upper:Textile Polyester 88%, Synthetic thermoplastic polyurethane  12%. Sole: Rubber",Men,Low cut Shoes,PA11 8% GF,Low cut
6404119921,Canada,Upper:Textile/ Sole: Rubber,Men,Low cut Shoes,PA11 8% GF,Low cut
6404119922,Canada,Upper: Textile / Sole: Rubber,Women,Shoes,TPU,Low cut
6404119922,Canada,"Upper:Textile Polyester 60%, Synthetic thermoplastic polyurethane 40%. Sole: Rubber",Women,Low cut Shoes,Rubber,Low cut
6404119922,Canada,"Upper:Textile Polyester 88%, Synthetic thermoplastic polyurethane  12%. Sole: Rubber",Women,Low cut Shoes,PA11 8% GF,Low cut
6404119922,Canada,Upper:Textile/ Sole: Rubber,Women,Low cut Shoes,PA11 8% GF,Low cut
6404119922,Canada,"Upper:Textile Polyester 85%, Synthetic thermoplastic polyurethane  15%. Sole: Rubber",Women,Low cut Shoes,PA11 8% GF,Low cut
6404110000,Europe,Upper: Textile / Sole: Rubber,Kids,Shoes,Missiongrip Rubber,Mid Cut
6404110000,Europe,Upper: Textile / Sole: Rubber,Men,Shoes,Rubber,Low cut
6402999600,Europe,Upper: Plastic / Sole: Rubber,Men,Shoes,Rubber,Low cut
6404110000,Europe,Upper: Textile / Sole: Rubber,Men,Shoes,Missiongrip Rubber,Low cut
6402919000,Europe,Upper: Plastic / Sole: Rubber,Men,Shoes,Rubber,Mid Cut
6404110000,Europe,Upper: Textile / Sole: Rubber,Men,Shoes,Rubber,Mid Cut
6402999100,Europe,Upper: Plastic / Sole: Rubber,Men,Shoes,Rubber,Low cut
6404110000,Europe,Upper: Textile / Sole: Rubber,Women,Shoes,Rubber,Low cut
6402999100,Europe,Upper: Plastic / Sole: Rubber,Women,Shoes,Rubber,Low cut
6404110000,Europe,Upper: Textile / Sole: Rubber,Women,Shoes,Missiongrip Rubber,Low cut
6404110000,Europe,Upper: Textile / Sole: Rubber,Women,Shoes,Missiongrip Rubber,High Cut
6404110000,Europe,Upper: Textile / Sole: Rubber,Women,Shoes,Missiongrip Rubber,Mid Cut
6402999800,Europe,Upper: Plastic / Sole: Rubber,Women,Shoes,Missiongrip Rubber,Low cut
6402919000,Europe,Upper: Plastic / Sole: Rubber,Women,Shoes,Missiongrip Rubber,Mid Cut
6404110000,Europe,Upper: Textile / Sole: Rubber,Women,Shoes,Rubber,Mid Cut
6404110000,Europe,Upper: Textile / Sole: Rubber,Women,Shoes,Pebax,Low cut
6404110000,Europe,Upper: Textile / Sole: Rubber,Youth,Shoes,Pebax,Low cut
6404110000,Europe,Upper: Textile / Sole: Rubber,Youth,Shoes,Pebax,Mid Cut
6404110000,Europe,Upper: Textile / Sole: Rubber,Youth,Shoes,Missiongrip Rubber,Mid Cut
6404110000,Europe,Upper: Textile / Sole: Rubber,Youth,Shoes,Missiongrip Rubber,Low cut
6402999600,Europe,Upper: Plastic / Sole: Rubber,Men,Shoes,Missiongrip Rubber,Low cut
6402919000,Europe,Upper: Plastic / Sole: Rubber,Men,Shoes,Missiongrip Rubber,Mid Cut
6402999100,Europe,Upper: Plastic / Sole: Rubber,Men,Shoes,Missiongrip Rubber,Mid Cut
6402999800,Europe,Upper: Plastic / Sole: Rubber,Women,Shoes,Missiongrip Rubber,Mid Cut
6402999100,Europe,Upper: Plastic / Sole: Rubber,Women,Shoes,Missiongrip Rubber,Mid Cut
6404110000,Europe,Upper: Textile / Sole: Rubber,Kids,Shoes,Rubber,Low cut
6402999100,Europe,Upper: Plastic / Sole: Rubber,Kids,Shoes,Rubber,Low cut
6404110000,Europe,Upper: Textile / Sole: Rubber,Men,Shoes,TPU,Low cut
6402999600,Europe,"Upper:Textile Polyester 33%, Synthetic thermoplastic polyurethane  67%. Sole: Rubber",Men,Low cut Shoes,Rubber,Low cut
6404110000,Europe,"Upper:Textile Polyester 60%, Synthetic thermoplastic polyurethane 40%. Sole: Rubber",Men,Low cut Shoes,Rubber,Low cut
6404110000,Europe,Upper: Textile / Sole: Rubber,Men,Cyclon Shoes,Pebax,Low cut
6404110000,Europe,"Upper:Textile Polyester 71%, Synthetic thermoplastic polyurethane  29%. Sole: Rubber",Men,Low cut Shoes,Rubber,Low cut
6404110000,Europe,"Upper:Textile Polyester 72%, Synthetic thermoplastic polyurethane  28%. Sole: Rubber",Men,Low cut Shoes,Rubber,Low cut
6404110000,Europe,"Upper:Textile Polyester 52%, Synthetic thermoplastic polyurethane  48%. Sole: Rubber",Men,Low cut Shoes,Rubber,Low cut
6402999600,Europe,"Upper: Upper:Textile Polyester 33%, Synthetic thermoplastic polyurethane  67%. Sole: Rubber / Sole: Rubber",Men,Shoes,Rubber,Low cut
6404110000,Europe,"Upper:Textile Polyester 56%, Synthetic thermoplastic polyurethane 44%. Sole: Rubber",Men,Low cut Shoes,Missiongrip Rubber,Low cut
6402999300,Europe,Upper: Synthetic thermoplastic polyurethane  100%. Sole: Rubber,Unisex,Low cut Shoes,Rubber,Low cut
6402919000,Europe,Upper: Plastic / Sole: Rubber,Women,Shoes,Rubber,Mid Cut
6402999100,Europe,"Upper:Textile Polyester 33%, Synthetic thermoplastic polyurethane  67%. Sole: Rubber",Women,Low cut Shoes,Rubber,Low cut
6402999800,Europe,"Upper:Textile Polyester 33%, Synthetic thermoplastic polyurethane  67%. Sole: Rubber",Women,Low cut Shoes,Rubber,Low cut
6404110000,Europe,"Upper:Textile Polyester 89%, Synthetic thermoplastic polyurethane  11%. Sole: Rubber",Women,Low cut Shoes,Rubber,Low cut
6404110000,Europe,Upper: Textile / Sole: Rubber,Women,Cyclon Shoes,Pebax,Low cut
6404110000,Europe,"Upper:Textile Polyester 71%, Synthetic thermoplastic polyurethane  29%. Sole: Rubber",Women,Low cut Shoes,Rubber,Low cut
6402999800,Europe,"Upper:Textile Polyester 44%, Synthetic thermoplastic polyurethane  56%. Sole: Rubber",Women,Low cut Shoes,Rubber,Low cut
6402999100,Europe,"Upper:Textile Polyester 44%, Synthetic thermoplastic polyurethane  56%. Sole: Rubber",Women,Low cut Shoes,Rubber,Low cut
6404110000,Europe,"Upper:Textile Polyester 72%, Synthetic thermoplastic polyurethane  28%. Sole: Rubber",Women,Low cut Shoes,Rubber,Low cut
6404110000,Europe,"Upper:Textile Polyester 58%, Synthetic thermoplastic polyurethane  42%. Sole: Rubber",Women,High Cut Shoes,Missiongrip Rubber,High Cut
6404110000,Europe,"Upper:Textile Polyester 52%, Synthetic thermoplastic polyurethane  48%. Sole: Rubber",Women,Low cut Shoes,Rubber,Low cut
6402999800,Europe,"Upper:Textile Polyester 33%, Synthetic thermoplastic polyurethane  67%. Sole: Rubber",Women,Shoes,Rubber,Low cut
6404110000,Europe,"Upper:Textile Polyester 84%, Synthetic thermoplastic polyurethane  16%. Sole: Rubber",Women,Low cut Shoes,Rubber,Low cut
6402999600,Europe,Upper: Plastic / Sole: Rubber,Men,Shoes,Helion,Low cut
6402999100,Europe,Upper: Plastic / Sole: Rubber,Men,Shoes,Helion,Low cut
6404110000,Europe,Upper: Textile / Sole: Rubber,Women,Shoes,TPU,Low cut
6404110000,Europe,"Upper:Textile Polyester 60%, Synthetic thermoplastic polyurethane 40%. Sole: Rubber",Women,Low cut Shoes,Rubber,Low cut
64029100,Hong Kong,Upper: Plastic / Sole: Rubber,Men,Shoes,Rubber,Mid Cut
64029100,Hong Kong,Upper: Plastic / Sole: Rubber,Men,Shoes,Missiongrip Rubber,Mid Cut
64029100,Hong Kong,Upper: Plastic / Sole: Rubber,Women,Shoes,Rubber,Mid Cut
640411000,Japan,Upper: Textile / Sole: Rubber,Men,Shoes,Rubber,Low cut
640411000,Japan,"Upper:Textile Polyester 58%, Synthetic thermoplastic polyurethane  31%, Rubber 11%. Sole: Rubber",Men,Low cut Shoes,Rubber,Low cut
640299010,Japan,Upper: Plastic / Sole: Rubber,Men,Shoes,Rubber,Low cut
640411000,Japan,Upper: Textile / Sole: Rubber,Men,Shoes,Missiongrip Rubber,Low cut
640411000,Japan,Upper: Textile / Sole: Rubber,Men,Shoes,Missiongrip Rubber,Mid Cut
640291000,Japan,Upper: Plastic / Sole: Rubber,Men,Shoes,Rubber,Mid Cut
640411000,Japan,Upper: Textile / Sole: Rubber,Men,Shoes,Rubber,Mid Cut
640411000,Japan,Upper: Textile / Sole: Rubber,Women,Shoes,Rubber,Low cut
640411000,Japan,"Upper:Textile Polyester 58%, Synthetic thermoplastic polyurethane  31%, Rubber 11%. Sole: Rubber",Women,Low cut Shoes,Rubber,Low cut
640411000,Japan,Upper: Textile / Sole: Rubber,Women,Shoes,Missiongrip Rubber,Low cut
640411000,Japan,Upper: Textile / Sole: Rubber,Women,Shoes,Missiongrip Rubber,High Cut
640411000,Japan,Upper: Textile / Sole: Rubber,Women,Shoes,Missiongrip Rubber,Mid Cut
640291000,Japan,Upper: Plastic / Sole: Rubber,Women,Shoes,Missiongrip Rubber,Mid Cut
640411000,Japan,Upper: Textile / Sole: Rubber,Women,Shoes,Rubber,Mid Cut
640411000,Japan,Upper: Textile / Sole: Rubber,Women,Shoes,Pebax,Low cut
640411000,Japan,Upper: Textile / Sole: Rubber,Youth,Shoes,Pebax,Low cut
640411000,Japan,Upper: Textile / Sole: Rubber,Youth,Shoes,Pebax,Mid Cut
640411000,Japan,Upper: Textile / Sole: Rubber,Youth,Shoes,Missiongrip Rubber,Mid Cut
640411000,Japan,Upper: Textile / Sole: Rubber,Youth,Shoes,Missiongrip Rubber,Low cut
640411000,Japan,Upper: Textile / Sole: Rubber,Kids,Shoes,Missiongrip Rubber,Low cut
640299010,Japan,Upper: Plastic / Sole: Rubber,Men,Shoes,Missiongrip Rubber,Low cut
640291000,Japan,Upper: Plastic / Sole: Rubber,Men,Shoes,Missiongrip Rubber,Mid Cut
640299010,Japan,Upper: Plastic / Sole: Rubber,Men,Shoes,Missiongrip Rubber,Mid Cut
640299010,Japan,Upper: Plastic / Sole: Rubber,Women,Shoes,Missiongrip Rubber,Mid Cut
640411000,Japan,Upper: Textile / Sole: Rubber,Kids,Shoes,Rubber,Low cut
640411000,Japan,Upper: Textile / Sole: Rubber,Men,Shoes,TPU,Low cut
640299010,Japan,"Upper:Textile Polyester 33%, Synthetic thermoplastic polyurethane  67%. Sole: Rubber",Men,Low cut Shoes,Rubber,Low cut
640411000,Japan,"Upper:Textile Polyester 60%, Synthetic thermoplastic polyurethane 40%. Sole: Rubber",Men,Low cut Shoes,Rubber,Low cut
640411000,Japan,Upper: Textile / Sole: Rubber,Men,Cyclon Shoes,Pebax,Low cut
640411000,Japan,"Upper:Textile Polyester 71%, Synthetic thermoplastic polyurethane  29%. Sole: Rubber",Men,Low cut Shoes,Rubber,Low cut
640299010,Japan,"Upper:Textile Polyester 44%, Synthetic thermoplastic polyurethane  56%. Sole: Rubber",Men,Low cut Shoes,Rubber,Low cut
640411000,Japan,"Upper:Textile Polyester 72%, Synthetic thermoplastic polyurethane  28%. Sole: Rubber",Men,Low cut Shoes,Rubber,Low cut
640411000,Japan,"Upper:Textile Polyester 52%, Synthetic thermoplastic polyurethane  48%. Sole: Rubber",Men,Low cut Shoes,Rubber,Low cut
640299010,Japan,"Upper:Textile Polyester 33%, Synthetic thermoplastic polyurethane  67%. Sole: Rubber",Men,Shoes,Rubber,Low cut
640411000,Japan,"Upper:Textile Polyester 84%, Synthetic thermoplastic polyurethane  16%. Sole: Rubber",Men,Low cut Shoes,Rubber,Low cut
640299010,Japan,Upper: Synthetic thermoplastic polyurethane  100%. Sole: Rubber,Unisex,Low cut Shoes,Rubber,Low cut
640291000,Japan,Upper: Plastic / Sole: Rubber,Women,Shoes,Rubber,Mid Cut
640411000,Japan,"Upper:Textile Polyester 89%, Synthetic thermoplastic polyurethane  11%. Sole: Rubber",Women,Low cut Shoes,Rubber,Low cut
640411000,Japan,Upper: Textile / Sole: Rubber,Women,Cyclon Shoes,Pebax,Low cut
640411000,Japan,"Upper:Textile Polyester 71%, Synthetic thermoplastic polyurethane  29%. Sole: Rubber",Women,Low cut Shoes,Rubber,Low cut
640299010,Japan,"Upper:Textile Polyester 44%, Synthetic thermoplastic polyurethane  56%. Sole: Rubber",Women,Low cut Shoes,Rubber,Low cut
640411000,Japan,"Upper:Textile Polyester 72%, Synthetic thermoplastic polyurethane  28%. Sole: Rubber",Women,Low cut Shoes,Rubber,Low cut
640411000,Japan,"Upper:Textile Polyester 58%, Synthetic thermoplastic polyurethane  42%. Sole: Rubber",Women,High Cut Shoes,Missiongrip Rubber,High Cut
640411000,Japan,"Upper:Textile Polyester 52%, Synthetic thermoplastic polyurethane  48%. Sole: Rubber",Women,Low cut Shoes,Rubber,Low cut
640411000,Japan,"Upper:Textile Polyester 84%, Synthetic thermoplastic polyurethane  16%. Sole: Rubber",Women,Low cut Shoes,Rubber,Low cut
640411000,Japan,Upper: Textile / Sole: Rubber,Youth,Shoes,Rubber,Low cut
640299010,Japan,Upper: Plastic / Sole: Rubber,Men,Shoes,Helion,Low cut
640411000,Japan,"Upper:Textile Polyester 88%, Synthetic thermoplastic polyurethane  12%. Sole: Rubber",Men,Low cut Shoes,PA11 8% GF,Low cut
640411000,Japan,Upper:Textile/ Sole: Rubber,Men,Low cut Shoes,PA11 8% GF,Low cut
640411000,Japan,"Upper:Textile Polyester 85%, Synthetic thermoplastic polyurethane  15%. Sole: Rubber",Men,Low cut Shoes,PA11 8% GF,Low cut
640411000,Japan,"Upper:Textile Polyester 88%, Synthetic thermoplastic polyurethane  12%. Sole: Rubber",Women,Low cut Shoes,PA11 8% GF,Low cut
640411000,Japan,Upper:Textile/ Sole: Rubber,Women,Low cut Shoes,PA11 8% GF,Low cut
64029110,Norway,Upper: Plastic / Sole: Rubber,Men,Shoes,Rubber,Mid Cut
64029910,Norway,Upper: Plastic / Sole: Rubber,Women,Shoes,Rubber,Low cut
64029910,Norway,Upper: Plastic / Sole: Rubber,Women,Shoes,Missiongrip Rubber,Low cut
64029110,Norway,Upper: Plastic / Sole: Rubber,Women,Shoes,Missiongrip Rubber,Mid Cut
64029910,Norway,Upper: Plastic / Sole: Rubber,Men,Shoes,Missiongrip Rubber,Low cut
64029110,Norway,Upper: Plastic / Sole: Rubber,Men,Shoes,Missiongrip Rubber,Mid Cut
64029910,Norway,Upper: Plastic / Sole: Rubber,Kids,Shoes,Rubber,Low cut
64029910,Norway,"Upper:Textile Polyester 33%, Synthetic thermoplastic polyurethane  67%. Sole: Rubber",Men,Low cut Shoes,Rubber,Low cut
64029110,Norway,Upper: Plastic / Sole: Rubber,Women,Shoes,Rubber,Mid Cut
64029910,Norway,"Upper:Textile Polyester 33%, Synthetic thermoplastic polyurethane  67%. Sole: Rubber",Women,Shoes,Rubber,Low cut
64029910,Norway,Upper: Plastic / Sole: Rubber,Men,Shoes,Helion,Low cut
6402992000,South Korea,Upper: Plastic / Sole: Rubber,Women,Shoes,Missiongrip Rubber,Low cut
6402992000,South Korea,Upper: Plastic / Sole: Rubber,Men,Shoes,Missiongrip Rubber,Low cut
6402999000,South Korea,Upper: Plastic / Sole: Rubber,Kids,Shoes,Rubber,Low cut
6402992000,South Korea,"Upper:Textile Polyester 44%, Synthetic thermoplastic polyurethane  56%. Sole: Rubber",Men,Low cut Shoes,Rubber,Low cut
6402992000,South Korea,"Upper:Textile Polyester 33%, Synthetic thermoplastic polyurethane  67%. Sole: Rubber",Men,Shoes,Rubber,Low cut
6402999000,South Korea,"Upper:Textile Polyester 33%, Synthetic thermoplastic polyurethane  67%. Sole: Rubber",Men,Shoes,Rubber,Low cut
6402999000,South Korea,Upper: Plastic / Sole: Rubber,Men,Shoes,Rubber,Low cut
6402992000,South Korea,Upper: Synthetic thermoplastic polyurethane  100%. Sole: Rubber,Unisex,Low cut Shoes,Rubber,Low cut
6402992000,South Korea,"Upper:Textile Polyester 33%, Synthetic thermoplastic polyurethane  67%. Sole: Rubber",Women,Low cut Shoes,Rubber,Low cut
6402992000,South Korea,"Upper:Textile Polyester 44%, Synthetic thermoplastic polyurethane  56%. Sole: Rubber",Women,Low cut Shoes,Rubber,Low cut
6402999000,South Korea,"Upper:Textile Polyester 33%, Synthetic thermoplastic polyurethane  67%. Sole: Rubber",Women,Shoes,Rubber,Low cut
6402999000,South Korea,Upper: Plastic / Sole: Rubber,Women,Shoes,Rubber,Low cut
6402992000,South Korea,Upper: Plastic / Sole: Rubber,Men,Shoes,Helion,Low cut
6402999000,South Korea,Upper: Plastic / Sole: Rubber,Men,Shoes,Missiongrip Rubber,Low cut
64041100-000,Switzerland,Upper: Textile / Sole: Rubber,Men,Shoes,Rubber,Low cut
64041100-000,Switzerland,"Upper:Textile Polyester 58%, Synthetic thermoplastic polyurethane  31%, Rubber 11%. Sole: Rubber",Men,Low cut Shoes,Rubber,Low cut
64029900-000,Switzerland,Upper: Plastic / Sole: Rubber,Men,Shoes,Rubber,Low cut
64041100-000,Switzerland,Upper: Textile / Sole: Rubber,Men,Shoes,Missiongrip Rubber,Low cut
64041100-000,Switzerland,Upper: Textile / Sole: Rubber,Men,Shoes,Missiongrip Rubber,Mid Cut
64029100-000,Switzerland,Upper: Plastic / Sole: Rubber,Men,Shoes,Rubber,Mid Cut
64041100-000,Switzerland,Upper: Textile / Sole: Rubber,Men,Shoes,Rubber,Mid Cut
64041100-000,Switzerland,Upper: Textile / Sole: Rubber,Women,Shoes,Rubber,Low cut
64041100-000,Switzerland,"Upper:Textile Polyester 58%, Synthetic thermoplastic polyurethane  31%, Rubber 11%. Sole: Rubber",Women,Low cut Shoes,Rubber,Low cut
64041100-000,Switzerland,Upper: Textile / Sole: Rubber,Women,Shoes,Missiongrip Rubber,Low cut
64041100-000,Switzerland,Upper: Textile / Sole: Rubber,Women,Shoes,Missiongrip Rubber,High Cut
64041100-000,Switzerland,Upper: Textile / Sole: Rubber,Women,Shoes,Missiongrip Rubber,Mid Cut
64029100-000,Switzerland,Upper: Plastic / Sole: Rubber,Women,Shoes,Missiongrip Rubber,Mid Cut
64041100-000,Switzerland,Upper: Textile / Sole: Rubber,Women,Shoes,Rubber,Mid Cut
64041100-000,Switzerland,Upper: Textile / Sole: Rubber,Women,Shoes,Pebax,Low cut
64041100-000,Switzerland,Upper: Textile / Sole: Rubber,Youth,Shoes,Pebax,Low cut
64041100-000,Switzerland,Upper: Textile / Sole: Rubber,Youth,Shoes,Pebax,Mid Cut
64041100-000,Switzerland,Upper: Textile / Sole: Rubber,Youth,Shoes,Missiongrip Rubber,Mid Cut
64041100-000,Switzerland,Upper: Textile / Sole: Rubber,Youth,Shoes,Missiongrip Rubber,Low cut
64041100-000,Switzerland,Upper: Textile / Sole: Rubber,Kids,Shoes,Missiongrip Rubber,Low cut
64029900-000,Switzerland,Upper: Plastic / Sole: Rubber,Men,Shoes,Missiongrip Rubber,Low cut
64029100-000,Switzerland,Upper: Plastic / Sole: Rubber,Men,Shoes,Missiongrip Rubber,Mid Cut
64029900-000,Switzerland,Upper: Plastic / Sole: Rubber,Men,Shoes,Missiongrip Rubber,Mid Cut
64029900-000,Switzerland,Upper: Plastic / Sole: Rubber,Women,Shoes,Missiongrip Rubber,Mid Cut
64041100-000,Switzerland,Upper: Textile / Sole: Rubber,Kids,Shoes,Rubber,Low cut
64041100-000,Switzerland,Upper: Textile / Sole: Rubber,Men,Shoes,TPU,Low cut
64029900-000,Switzerland,"Upper:Textile Polyester 33%, Synthetic thermoplastic polyurethane  67%. Sole: Rubber",Men,Low cut Shoes,Rubber,Low cut
64041100-000,Switzerland,"Upper:Textile Polyester 60%, Synthetic thermoplastic polyurethane 40%. Sole: Rubber",Men,Low cut Shoes,Rubber,Low cut
64041100-000,Switzerland,Upper: Textile / Sole: Rubber,Men,Cyclon Shoes,Pebax,Low cut
64041100-000,Switzerland,"Upper:Textile Polyester 71%, Synthetic thermoplastic polyurethane  29%. Sole: Rubber",Men,Low cut Shoes,Rubber,Low cut
64041100-000,Switzerland,"Upper:Textile Polyester 84%, Synthetic thermoplastic polyurethane  16%. Sole: Rubber",Men,Low cut Shoes,Rubber,Low cut
64029900-000,Switzerland,"Upper:Textile Polyester 44%, Synthetic thermoplastic polyurethane  56%. Sole: Rubber",Men,Low cut Shoes,Rubber,Low cut
64041100-000,Switzerland,"Upper:Textile Polyester 72%, Synthetic thermoplastic polyurethane  28%. Sole: Rubber",Men,Low cut Shoes,Rubber,Low cut
64041100-000,Switzerland,"Upper:Textile Polyester 52%, Synthetic thermoplastic polyurethane  48%. Sole: Rubber",Men,Low cut Shoes,Rubber,Low cut
64041100-000,Switzerland,"Upper:Textile Polyester 56%, Synthetic thermoplastic polyurethane 44%. Sole: Rubber",Men,Low cut Shoes,Missiongrip Rubber,Low cut
64029900-000,Switzerland,Upper: Synthetic thermoplastic polyurethane  100%. Sole: Rubber,Unisex,Low cut Shoes,Rubber,Low cut
64029100-000,Switzerland,Upper: Plastic / Sole: Rubber,Women,Shoes,Rubber,Mid Cut
64041100-000,Switzerland,"Upper:Textile Polyester 89%, Synthetic thermoplastic polyurethane  11%. Sole: Rubber",Women,Low cut Shoes,Rubber,Low cut
64041100-000,Switzerland,Upper: Textile / Sole: Rubber,Women,Cyclon Shoes,Pebax,Low cut
64041100-000,Switzerland,"Upper:Textile Polyester 71%, Synthetic thermoplastic polyurethane  29%. Sole: Rubber",Women,Low cut Shoes,Rubber,Low cut
64029900-000,Switzerland,"Upper:Textile Polyester 44%, Synthetic thermoplastic polyurethane  56%. Sole: Rubber",Women,Low cut Shoes,Rubber,Low cut
64041100-000,Switzerland,"Upper:Textile Polyester 72%, Synthetic thermoplastic polyurethane  28%. Sole: Rubber",Women,Low cut Shoes,Rubber,Low cut
64041100-000,Switzerland,"Upper:Textile Polyester 58%, Synthetic thermoplastic polyurethane  42%. Sole: Rubber",Women,High Cut Shoes,Missiongrip Rubber,High Cut
64041100-000,Switzerland,"Upper:Textile Polyester 52%, Synthetic thermoplastic polyurethane  48%. Sole: Rubber",Women,Low cut Shoes,Rubber,Low cut
64041100-000,Switzerland,"Upper:Textile Polyester 84%, Synthetic thermoplastic polyurethane  16%. Sole: Rubber",Women,Low cut Shoes,Rubber,Low cut
64041100-000,Switzerland,Upper: Textile / Sole: Rubber,Youth,Shoes,Rubber,Low cut
64029900-000,Switzerland,Upper: Plastic / Sole: Rubber,Men,Shoes,Helion,Low cut
64041100-000,Switzerland,"Upper:Textile Polyester 88%, Synthetic thermoplastic polyurethane  12%. Sole: Rubber",Men,Low cut Shoes,PA11 8% GF,Low cut
64041100-000,Switzerland,Upper:Textile/ Sole: Rubber,Men,Low cut Shoes,PA11 8% GF,Low cut
64041100-000,Switzerland,"Upper:Textile Polyester 85%, Synthetic thermoplastic polyurethane  15%. Sole: Rubber",Men,Low cut Shoes,PA11 8% GF,Low cut
64041100-000,Switzerland,"Upper:Textile Polyester 88%, Synthetic thermoplastic polyurethane  12%. Sole: Rubber",Women,Low cut Shoes,PA11 8% GF,Low cut
64041100-000,Switzerland,Upper:Textile/ Sole: Rubber,Women,Low cut Shoes,PA11 8% GF,Low cut
6402999800,United Kingdom,Upper: Plastic / Sole: Rubber,Women,Shoes,Rubber,Low cut
6402999100,United Kingdom,Upper: Plastic / Sole: Rubber,Women,Shoes,Rubber,Low cut
6404119020,United States,Upper: Textile / Sole: Rubber,Men,Shoes,Rubber,Low cut
6404119020,United States,"Upper:Textile Polyester 58%, Synthetic thermoplastic polyurethane  31%, Rubber 11%. Sole: Rubber",Men,Low cut Shoes,Rubber,Low cut
6402999005,United States,Upper: Plastic / Sole: Rubber,Men,Shoes,Rubber,Low cut
6404119020,United States,Upper: Textile / Sole: Rubber,Men,Shoes,Missiongrip Rubber,Mid Cut
6402919005,United States,Upper: Plastic / Sole: Rubber,Men,Shoes,Rubber,Mid Cut
6404119050,United States,Upper: Textile / Sole: Rubber,Men,Shoes,Rubber,Low cut
6404119020,United States,Upper: Textile / Sole: Rubber,Men,Shoes,Pebax,Low cut
6404119050,United States,Upper: Textile / Sole: Rubber,Women,Shoes,Rubber,Low cut
6402999005,United States,Upper: Plastic / Sole: Rubber,Women,Shoes,Rubber,Low cut
6404119050,United States,Upper: Textile / Sole: Rubber,Women,Shoes,Missiongrip Rubber,Low cut
6404119050,United States,Upper: Textile / Sole: Rubber,Women,Shoes,Missiongrip Rubber,High Cut
6402999005,United States,Upper: Plastic / Sole: Rubber,Women,Shoes,Missiongrip Rubber,Low cut
6402919005,United States,Upper: Plastic / Sole: Rubber,Women,Shoes,Missiongrip Rubber,Mid Cut
6404119050,United States,Upper: Textile / Sole: Rubber,Women,Shoes,Rubber,Mid Cut
6404119050,United States,Upper: Textile / Sole: Rubber,Women,Shoes,Pebax,Low cut
6404119080,United States,Upper: Textile / Sole: Rubber,Youth,Shoes,Pebax,Low cut
6404119080,United States,Upper: Textile / Sole: Rubber,Youth,Shoes,Pebax,Mid Cut
6404119080,United States,Upper: Textile / Sole: Rubber,Youth,Shoes,Missiongrip Rubber,Mid Cut
6404119080,United States,Upper: Textile / Sole: Rubber,Youth,Shoes,Missiongrip Rubber,Low cut
6402999005,United States,Upper: Plastic / Sole: Rubber,Men,Shoes,Missiongrip Rubber,Low cut
6402919005,United States,Upper: Plastic / Sole: Rubber,Men,Shoes,Missiongrip Rubber,Mid Cut
6402999005,United States,Upper: Plastic / Sole: Rubber,Men,Shoes,Missiongrip Rubber,Mid Cut
6402999005,United States,Upper: Plastic / Sole: Rubber,Women,Shoes,Missiongrip Rubber,Mid Cut
6404119080,United States,Upper: Textile / Sole: Rubber,Kids,Shoes,Rubber,Low cut
6402999005,United States,Upper: Plastic / Sole: Rubber,Kids,Shoes,Rubber,Low cut
6404119020,United States,Upper: Textile / Sole: Rubber,Men,Shoes,TPU,Low cut
6402999005,United States,"Upper:Textile Polyester 33%, Synthetic thermoplastic polyurethane  67%. Sole: Rubber",Men,Low cut Shoes,Rubber,Low cut
6404119020,United States,"Upper:Textile Polyester 89%, Synthetic thermoplastic polyurethane  11%. Sole: Rubber",Men,Low cut Shoes,Rubber,Low cut
6404119020,United States,"Upper:Textile Polyester 60%, Synthetic thermoplastic polyurethane 40%. Sole: Rubber",Men,Low cut Shoes,Rubber,Low cut
6404119020,United States,Upper: Textile / Sole: Rubber,Men,Cyclon Shoes,Pebax,Low cut
6404119020,United States,"Upper:Textile Polyester 71%, Synthetic thermoplastic polyurethane  29%. Sole: Rubber",Men,Low cut Shoes,Rubber,Low cut
6402999005,United States,"Upper:Textile Polyester 44%, Synthetic thermoplastic polyurethane  56%. Sole: Rubber",Men,Low cut Shoes,Rubber,Low cut
6404119020,United States,"Upper:Textile Polyester 72%, Synthetic thermoplastic polyurethane  28%. Sole: Rubber",Men,Low cut Shoes,Rubber,Low cut
6402999005,United States,"Upper:Textile Polyester 33%, Synthetic thermoplastic polyurethane  67%. Sole: Rubber",Men,Shoes,Rubber,Low cut
6404119020,United States,"Upper:Textile Polyester 56%, Synthetic thermoplastic polyurethane 44%. Sole: Rubber",Men,Low cut Shoes,Missiongrip Rubber,Low cut
6404119020,United States,"Upper:Textile Polyester 84%, Synthetic thermoplastic polyurethane  16%. Sole: Rubber",Men,Low cut Shoes,Rubber,Low cut
6402993115,United States,Upper: Synthetic thermoplastic polyurethane  100%. Sole: Rubber,Unisex,Low cut Shoes,Rubber,Low cut
6404119050,United States,"Upper:Textile Polyester 89%, Synthetic thermoplastic polyurethane  11%. Sole: Rubber",Women,Low cut Shoes,Rubber,Low cut
6404119020,United States,Upper: Textile / Sole: Rubber,Women,Shoes,Missiongrip Rubber,Low cut
6404119050,United States,Upper: Textile / Sole: Rubber,Women,Cyclon Shoes,Pebax,Low cut
6404119050,United States,"Upper:Textile Polyester 71%, Synthetic thermoplastic polyurethane  29%. Sole: Rubber",Women,Low cut Shoes,Rubber,Low cut
6402999005,United States,"Upper:Textile Polyester 44%, Synthetic thermoplastic polyurethane  56%. Sole: Rubber",Women,Low cut Shoes,Rubber,Low cut
6404119050,United States,"Upper:Textile Polyester 72%, Synthetic thermoplastic polyurethane  28%. Sole: Rubber",Women,Low cut Shoes,Rubber,Low cut
6404119050,United States,"Upper:Textile Polyester 58%, Synthetic thermoplastic polyurethane  42%. Sole: Rubber",Women,High Cut Shoes,Missiongrip Rubber,High Cut
6404119050,United States,"Upper:Textile Polyester 52%, Synthetic thermoplastic polyurethane  48%. Sole: Rubber",Women,Low cut Shoes,Rubber,Low cut
6402999005,United States,"Upper:Textile Polyester 33%, Synthetic thermoplastic polyurethane  67%. Sole: Rubber",Women,Shoes,Rubber,Low cut
6404119050,United States,"Upper:Textile Polyester 84%, Synthetic thermoplastic polyurethane  16%. Sole: Rubber",Women,Low cut Shoes,Rubber,Low cut
6402999005,United States,Upper: Plastic / Sole: Rubber,Men,Shoes,Helion,Low cut
6404119020,United States,"Upper:Textile Polyester 88%, Synthetic thermoplastic polyurethane  12%. Sole: Rubber",Men,Low cut Shoes,PA11 8% GF,Low cut
6404119020,United States,"Upper:Textile Polyester 85%, Synthetic thermoplastic polyurethane  15%. Sole: Rubber",Men,Low cut Shoes,PA11 8% GF,Low cut
6404119050,United States,Upper: Textile / Sole: Rubber,Women,Shoes,TPU,Low cut
6404119050,United States,"Upper:Textile Polyester 60%, Synthetic thermoplastic polyurethane 40%. Sole: Rubber",Women,Low cut Shoes,Rubber,Low cut
6404119050,United States,Upper:Textile/ Sole: Rubber,Women,Low cut Shoes,PA11 8% GF,Low cut
6404119050,United States,"Upper:Textile Polyester 85%, Synthetic thermoplastic polyurethane  15%. Sole: Rubber",Women,Low cut Shoes,PA11 8% GF,Low cut
