timestamp,country,product_type,event_type,hs_code,details
2025-07-22 15:55:10,australia,knitted t-shirt T-Shirts,regeneration,,
2025-07-22 16:00:00,australia,knitted tights Tights,regeneration,,
2025-07-22 16:01:03,australia,woven jacket Winter Jackets,regeneration,,
2025-07-22 16:01:52,australia,knitted crop top Crop Tops,regeneration,,
2025-07-22 16:02:22,,,no_code_found,NO-CODE-FOUND,
2025-07-22 16:02:22,,,no_code_found,NO-CODE-FOUND,
2025-07-22 16:02:22,,,no_code_found,NO-CODE-FOUND,
2025-07-22 16:02:32,australia,knitted crop top Crop Tops,regeneration,,
2025-07-22 16:02:44,,,no_code_found,NO-CODE-FOUND,
2025-07-22 16:02:44,,,no_code_found,NO-CODE-FOUND,
2025-07-22 16:02:44,,,no_code_found,NO-CODE-FOUND,
2025-07-22 16:03:53,australia,knitted crop top Crop Tops,regeneration,,
2025-07-22 16:07:04,australia,knitted tank Short Sleeves,regeneration,,
2025-07-22 16:07:26,australia,knitted tank Short Sleeves,regeneration,,
2025-07-22 16:07:26,australia,knitted tank Short Sleeves,regeneration,,
2025-07-23 10:01:58,,,no_code_found,NO-CODE-FOUND,
2025-07-23 10:01:58,,,no_code_found,NO-CODE-FOUND,
2025-07-23 10:01:58,,,no_code_found,NO-CODE-FOUND,
2025-07-23 10:01:58,,,no_code_found,NO-CODE-FOUND,
2025-07-23 10:01:58,,,no_code_found,NO-CODE-FOUND,
2025-07-23 10:02:01,,,no_code_found,NO-CODE-FOUND,
2025-07-23 10:02:04,,,no_code_found,NO-CODE-FOUND,
2025-07-23 10:02:14,,,no_code_found,NO-CODE-FOUND,
2025-07-23 10:02:14,,,no_code_found,NO-CODE-FOUND,
2025-07-23 10:02:14,,,no_code_found,NO-CODE-FOUND,
2025-07-23 10:09:38,,,no_code_found,NO-CODE-FOUND,
2025-07-23 10:09:38,,,no_code_found,NO-CODE-FOUND,
2025-07-23 10:09:49,,,no_code_found,NO-CODE-FOUND,
2025-07-23 10:10:09,,,no_code_found,NO-CODE-FOUND,
2025-07-23 10:12:01,norway,knitted t-shirt Short Sleeves,regeneration,,
2025-07-23 10:12:14,norway,knitted t-shirt Short Sleeves,rejection,6106.20.00,option_1
2025-07-23 10:12:16,norway,knitted t-shirt Short Sleeves,rejection,6114.30.00,option_3
2025-07-23 10:12:30,norway,knitted tank Tanks,rejection,6109.90.00,option_1
2025-07-23 10:12:39,norway,knitted crop top Crop Tops,regeneration,,
2025-07-23 10:12:46,,,no_code_found,NO-CODE-FOUND,
2025-07-23 10:12:50,norway,knitted crop top Crop Tops,rejection,6110.30.00,option_1
2025-07-23 10:12:55,norway,knitted crop top Crop Tops,rejection,NO-CODE-FOUND,option_3
2025-07-23 10:14:35,,,no_code_found,NO-CODE-FOUND,
2025-07-23 10:14:35,,,no_code_found,NO-CODE-FOUND,
2025-07-23 10:14:35,,,no_code_found,NO-CODE-FOUND,
2025-07-23 10:14:36,,,no_code_found,NO-CODE-FOUND,
2025-07-23 10:14:36,,,no_code_found,NO-CODE-FOUND,
2025-07-23 10:14:38,,,no_code_found,NO-CODE-FOUND,
2025-07-23 10:14:39,,,no_code_found,NO-CODE-FOUND,
2025-07-23 10:14:48,,,no_code_found,NO-CODE-FOUND,
2025-07-23 10:14:48,,,no_code_found,NO-CODE-FOUND,
2025-07-23 10:14:48,,,no_code_found,NO-CODE-FOUND,
2025-07-23 10:22:28,united states,bra Bras,regeneration,,
2025-07-23 10:22:40,,,no_code_found,NO-CODE-FOUND,
2025-07-23 10:22:40,,,no_code_found,NO-CODE-FOUND,
2025-07-23 10:22:40,,,no_code_found,NO-CODE-FOUND,
2025-07-23 10:22:44,united states,bra Bras,regeneration,,
2025-07-23 10:22:56,,,no_code_found,NO-CODE-FOUND,
2025-07-23 10:22:56,,,no_code_found,NO-CODE-FOUND,
2025-07-23 10:22:56,,,no_code_found,NO-CODE-FOUND,
2025-07-23 10:23:11,united states,bra Bras,regeneration,,
2025-07-23 10:23:21,,,no_code_found,NO-CODE-FOUND,
2025-07-23 10:23:21,,,no_code_found,NO-CODE-FOUND,
2025-07-23 10:23:21,,,no_code_found,NO-CODE-FOUND,
2025-07-23 10:38:02,united states,knitted sweatshirt Hoodies & Sweatshirts,regeneration,,
2025-07-23 10:38:36,united states,knitted sweatshirt Hoodies & Sweatshirts,regeneration,,
2025-07-23 10:46:14,united states,knitted sweatshirt Hoodies & Sweatshirts,regeneration,,
2025-07-23 11:54:43,united states,knitted sweatshirt Hoodies & Sweatshirts,rejection,6110.20.20.46,option_1
2025-07-23 11:54:53,united states,knitted sweatshirt Hoodies & Sweatshirts,rejection,6114.90.90.73,option_3
2025-07-23 14:30:33,,,no_code_found,NO-CODE-FOUND,
2025-07-23 14:30:33,,,no_code_found,NO-CODE-FOUND,
2025-07-23 14:30:34,,,no_code_found,NO-CODE-FOUND,
2025-07-23 14:30:34,,,no_code_found,NO-CODE-FOUND,
2025-07-23 14:30:37,,,no_code_found,NO-CODE-FOUND,
2025-07-23 14:30:37,,,no_code_found,NO-CODE-FOUND,
2025-07-23 14:30:42,,,no_code_found,NO-CODE-FOUND,
2025-07-23 14:31:05,united states,bra Bras,regeneration,,
2025-07-23 14:31:20,,,no_code_found,NO-CODE-FOUND,
2025-07-23 14:31:20,,,no_code_found,NO-CODE-FOUND,
2025-07-23 14:31:20,,,no_code_found,NO-CODE-FOUND,
2025-07-23 14:53:50,,,no_code_found,NO-CODE-FOUND,
2025-07-23 14:53:50,,,no_code_found,NO-CODE-FOUND,
2025-07-23 14:53:53,,,no_code_found,NO-CODE-FOUND,
2025-07-23 14:53:53,,,no_code_found,NO-CODE-FOUND,
2025-07-23 14:53:59,,,no_code_found,NO-CODE-FOUND,
2025-07-23 14:53:59,,,no_code_found,NO-CODE-FOUND,
2025-07-23 15:03:12,,,no_code_found,NO-CODE-FOUND,
2025-07-23 15:03:12,,,no_code_found,NO-CODE-FOUND,
2025-07-23 15:03:12,,,no_code_found,NO-CODE-FOUND,
2025-07-23 15:03:15,,,no_code_found,NO-CODE-FOUND,
2025-07-23 15:03:15,,,no_code_found,NO-CODE-FOUND,
2025-07-23 15:03:15,,,no_code_found,NO-CODE-FOUND,
2025-07-23 15:03:15,,,no_code_found,NO-CODE-FOUND,
2025-07-23 15:03:16,,,no_code_found,NO-CODE-FOUND,
2025-07-23 15:03:16,,,no_code_found,NO-CODE-FOUND,
2025-07-23 15:16:51,,,no_code_found,NO-CODE-FOUND,
2025-07-23 15:16:51,,,no_code_found,NO-CODE-FOUND,
2025-07-23 15:16:51,,,no_code_found,NO-CODE-FOUND,
2025-07-23 15:16:51,,,no_code_found,NO-CODE-FOUND,
2025-07-23 15:16:51,,,no_code_found,NO-CODE-FOUND,
2025-07-23 15:16:51,,,no_code_found,NO-CODE-FOUND,
2025-07-23 15:16:52,,,no_code_found,NO-CODE-FOUND,
2025-07-23 15:16:52,,,no_code_found,NO-CODE-FOUND,
2025-07-23 15:16:53,,,no_code_found,NO-CODE-FOUND,
2025-07-23 15:16:53,,,no_code_found,NO-CODE-FOUND,
2025-07-23 15:24:31,,,no_code_found,NO-CODE-FOUND,
2025-07-23 15:24:31,,,no_code_found,NO-CODE-FOUND,
2025-07-23 15:24:31,,,no_code_found,NO-CODE-FOUND,
2025-07-23 15:24:33,,,no_code_found,NO-CODE-FOUND,
2025-07-23 15:24:33,,,no_code_found,NO-CODE-FOUND,
2025-07-23 15:24:33,,,no_code_found,NO-CODE-FOUND,
2025-07-23 15:24:49,,,no_code_found,NO-CODE-FOUND,
2025-07-23 15:24:49,,,no_code_found,NO-CODE-FOUND,
2025-07-23 15:25:54,,,no_code_found,NO-CODE-FOUND,
2025-07-23 15:25:54,,,no_code_found,NO-CODE-FOUND,
2025-07-23 16:12:34,,,no_code_found,NO-CODE-FOUND,
2025-07-23 16:12:34,,,no_code_found,NO-CODE-FOUND,
2025-07-23 16:12:34,,,no_code_found,NO-CODE-FOUND,
2025-07-23 16:12:35,,,no_code_found,NO-CODE-FOUND,
2025-07-23 16:12:35,,,no_code_found,NO-CODE-FOUND,
2025-07-23 16:12:35,,,no_code_found,NO-CODE-FOUND,
2025-07-23 16:12:40,,,no_code_found,NO-CODE-FOUND,
2025-07-23 16:12:40,,,no_code_found,NO-CODE-FOUND,
2025-07-23 16:12:41,,,no_code_found,NO-CODE-FOUND,
2025-07-23 16:12:41,,,no_code_found,NO-CODE-FOUND,
2025-07-23 16:13:21,united states,bra Bras,regeneration,,
2025-07-23 16:13:21,united states,bra Bras,regeneration,,
2025-07-23 16:17:30,,,no_code_found,NO-CODE-FOUND,
2025-07-23 16:17:34,,,no_code_found,NO-CODE-FOUND,
2025-07-23 16:17:35,,,no_code_found,NO-CODE-FOUND,
2025-07-23 16:17:35,,,no_code_found,NO-CODE-FOUND,
2025-07-23 16:17:36,,,no_code_found,NO-CODE-FOUND,
2025-07-23 16:17:36,,,no_code_found,NO-CODE-FOUND,
2025-07-23 16:19:27,,,no_code_found,NO-CODE-FOUND,
2025-07-23 16:19:27,,,no_code_found,NO-CODE-FOUND,
2025-07-23 16:19:27,,,no_code_found,NO-CODE-FOUND,
2025-07-23 16:19:30,,,no_code_found,NO-CODE-FOUND,
2025-07-23 16:19:30,,,no_code_found,NO-CODE-FOUND,
2025-07-23 16:19:33,,,no_code_found,NO-CODE-FOUND,
2025-07-23 16:19:33,,,no_code_found,NO-CODE-FOUND,
2025-07-23 16:19:34,,,no_code_found,NO-CODE-FOUND,
2025-07-23 16:19:34,,,no_code_found,NO-CODE-FOUND,
2025-07-23 16:28:01,,,no_code_found,NO-CODE-FOUND,
2025-07-23 16:28:01,,,no_code_found,NO-CODE-FOUND,
2025-07-23 16:28:01,,,no_code_found,NO-CODE-FOUND,
2025-07-23 16:28:33,united states,bra Bras,rejection,NO-CODE-FOUND,option_1
2025-07-23 16:29:28,,,no_code_found,NO-CODE-FOUND,
2025-07-23 16:29:28,,,no_code_found,NO-CODE-FOUND,
2025-07-23 16:29:28,,,no_code_found,NO-CODE-FOUND,
2025-07-23 16:39:48,,,no_code_found,NO-CODE-FOUND,
2025-07-23 16:39:48,,,no_code_found,NO-CODE-FOUND,
2025-07-23 16:40:51,,,no_code_found,NO-CODE-FOUND,
2025-07-23 16:40:51,,,no_code_found,NO-CODE-FOUND,
2025-07-24 11:38:14,,,no_code_found,NO-CODE-FOUND,
2025-07-24 15:37:55,,,no_code_found,NO-CODE-FOUND,
2025-07-24 15:37:57,,,no_code_found,NO-CODE-FOUND,
2025-07-24 15:37:57,,,no_code_found,NO-CODE-FOUND,
2025-07-24 15:37:57,,,no_code_found,NO-CODE-FOUND,
2025-07-24 15:37:57,,,no_code_found,NO-CODE-FOUND,
2025-07-24 15:37:59,,,no_code_found,NO-CODE-FOUND,
2025-07-24 15:41:34,,,no_code_found,NO-CODE-FOUND,
2025-07-24 15:41:34,,,no_code_found,NO-CODE-FOUND,
2025-07-24 15:41:35,,,no_code_found,NO-CODE-FOUND,
2025-07-24 15:41:36,,,no_code_found,NO-CODE-FOUND,
2025-07-24 15:41:48,,,no_code_found,NO-CODE-FOUND,
2025-07-24 16:18:29,,,no_code_found,NO-CODE-FOUND,
2025-07-24 16:19:28,,,no_code_found,NO-CODE-FOUND,
2025-07-24 16:20:25,,,no_code_found,NO-CODE-FOUND,
2025-07-24 16:20:26,,,no_code_found,NO-CODE-FOUND,
2025-07-24 16:20:30,,,no_code_found,NO-CODE-FOUND,
2025-07-24 16:21:26,,,no_code_found,NO-CODE-FOUND,
2025-07-24 16:23:54,australia,knitted tights Tights,rejection,6103.43.00.32,option_1
2025-07-24 16:35:45,,,no_code_found,NO-CODE-FOUND,
2025-07-24 16:35:48,,,no_code_found,NO-CODE-FOUND,
2025-07-24 16:47:34,,,no_code_found,NO-CODE-FOUND,
2025-07-24 16:48:33,,,no_code_found,NO-CODE-FOUND,
2025-07-24 16:48:34,,,no_code_found,NO-CODE-FOUND,
2025-07-24 16:59:35,,,no_code_found,NO-CODE-FOUND,
2025-07-24 16:59:37,,,no_code_found,NO-CODE-FOUND,
2025-07-24 17:21:16,,,no_code_found,NO-CODE-FOUND,
2025-07-24 17:22:17,,,no_code_found,NO-CODE-FOUND,
2025-07-25 13:54:54,,,no_code_found,NO-CODE-FOUND,
2025-07-25 13:55:54,,,no_code_found,NO-CODE-FOUND,
2025-07-25 13:55:55,,,no_code_found,NO-CODE-FOUND,
2025-07-25 13:59:09,,,no_code_found,NO-CODE-FOUND,
2025-07-25 14:00:06,,,no_code_found,NO-CODE-FOUND,
2025-07-25 14:00:06,,,no_code_found,NO-CODE-FOUND,
2025-07-25 14:00:08,,,no_code_found,NO-CODE-FOUND,
2025-07-25 14:02:07,,,no_code_found,NO-CODE-FOUND,
2025-07-25 14:02:08,,,no_code_found,NO-CODE-FOUND,
2025-08-07 11:39:27,,,no_code_found,NO-CODE-FOUND,
2025-08-07 11:39:30,,,no_code_found,NO-CODE-FOUND,
2025-08-07 11:39:30,,,no_code_found,NO-CODE-FOUND,
2025-08-07 11:55:34,,,no_code_found,NO-CODE-FOUND,
2025-08-07 11:55:34,,,no_code_found,NO-CODE-FOUND,
2025-08-07 11:55:38,,,no_code_found,NO-CODE-FOUND,
2025-08-07 13:54:31,,,no_code_found,NO-CODE-FOUND,
2025-08-07 13:54:32,,,no_code_found,NO-CODE-FOUND,
2025-08-07 13:54:32,,,no_code_found,NO-CODE-FOUND,
2025-08-07 13:55:43,,,no_code_found,NO-CODE-FOUND,
2025-08-07 13:55:51,,,no_code_found,NO-CODE-FOUND,
2025-08-07 13:55:51,,,no_code_found,NO-CODE-FOUND,
2025-08-07 14:19:26,,,no_code_found,NO-CODE-FOUND,
2025-08-07 14:19:26,,,no_code_found,NO-CODE-FOUND,
2025-08-07 14:19:29,,,no_code_found,NO-CODE-FOUND,
2025-08-07 21:05:40,,,no_code_found,NO-CODE-FOUND,
2025-08-07 21:05:41,,,no_code_found,NO-CODE-FOUND,
2025-08-07 21:05:41,,,no_code_found,NO-CODE-FOUND,
2025-08-07 21:05:43,,,no_code_found,NO-CODE-FOUND,
2025-08-07 21:05:43,,,no_code_found,NO-CODE-FOUND,
2025-08-07 21:05:43,,,no_code_found,NO-CODE-FOUND,
2025-08-07 21:15:15,,,no_code_found,NO-CODE-FOUND,
2025-08-07 21:15:16,,,no_code_found,NO-CODE-FOUND,
2025-08-07 21:15:17,,,no_code_found,NO-CODE-FOUND,
2025-08-07 21:15:19,,,no_code_found,NO-CODE-FOUND,
2025-08-07 21:15:19,,,no_code_found,NO-CODE-FOUND,
2025-08-08 08:50:25,,,no_code_found,NO-CODE-FOUND,
2025-08-08 08:50:28,,,no_code_found,NO-CODE-FOUND,
2025-08-08 08:50:29,,,no_code_found,NO-CODE-FOUND,
2025-08-08 08:50:29,,,no_code_found,NO-CODE-FOUND,
2025-08-08 08:50:30,,,no_code_found,NO-CODE-FOUND,
2025-08-08 08:50:31,,,no_code_found,NO-CODE-FOUND,
2025-08-08 09:29:30,,,no_code_found,NO-CODE-FOUND,
2025-08-08 09:29:30,,,no_code_found,NO-CODE-FOUND,
2025-08-08 09:29:30,,,no_code_found,NO-CODE-FOUND,
2025-08-08 09:29:31,,,no_code_found,NO-CODE-FOUND,
2025-08-08 09:29:32,,,no_code_found,NO-CODE-FOUND,
2025-08-08 09:37:31,europe,woven pants Pants,rejection,6203.43.19.90,option_1
2025-08-08 09:38:42,,,no_code_found,NO-CODE-FOUND,
2025-08-08 09:38:43,,,no_code_found,NO-CODE-FOUND,
2025-08-08 09:38:43,,,no_code_found,NO-CODE-FOUND,
2025-08-08 09:38:44,,,no_code_found,NO-CODE-FOUND,
2025-08-08 09:38:48,,,no_code_found,NO-CODE-FOUND,
2025-08-08 09:39:24,europe,woven pants Pants,rejection,6203.43.19.90,option_1
2025-08-08 09:40:04,europe,woven pants Pants,rejection,6203.43.11.00,option_1
2025-08-08 09:40:05,europe,woven pants Pants,rejection,6203.49.11.00,option_2
2025-08-08 09:40:51,,,no_code_found,NO-CODE-FOUND,
2025-08-08 09:40:55,,,no_code_found,NO-CODE-FOUND,
2025-08-08 09:40:55,,,no_code_found,NO-CODE-FOUND,
2025-08-08 09:40:57,,,no_code_found,NO-CODE-FOUND,
2025-08-08 09:40:58,,,no_code_found,NO-CODE-FOUND,
2025-08-08 09:41:02,,,no_code_found,NO-CODE-FOUND,
2025-08-08 09:41:32,europe,woven pants Pants,rejection,6203.43.11.00,option_1
2025-08-08 09:41:32,europe,woven pants Pants,rejection,6203.43.90.00,option_3
2025-08-08 09:41:49,europe,woven pants Pants,rejection,6203.43.90.00,option_1
2025-08-08 09:41:50,europe,woven pants Pants,rejection,6203.42.90.00,option_2
2025-08-08 09:41:50,europe,woven pants Pants,rejection,6203.49.90.00,option_3
2025-08-08 10:39:11,,,no_code_found,NO-CODE-FOUND,
2025-08-08 10:39:14,,,no_code_found,NO-CODE-FOUND,
2025-08-08 10:39:16,,,no_code_found,NO-CODE-FOUND,
2025-08-08 10:47:10,europe,knitted tights Tights,rejection,6115.22.00.00,option_1
2025-08-08 10:47:12,europe,knitted tights Tights,rejection,6115.21.00.00,option_2
2025-08-08 10:47:12,europe,knitted tights Tights,rejection,6115.29.00.00,option_3
2025-08-08 10:49:05,europe,woven sweatshirt Sweatshirts,rejection,6211.33.00.00,option_1
2025-08-08 10:49:06,europe,woven sweatshirt Sweatshirts,rejection,6203.33.00.00,option_2
2025-08-08 10:49:07,europe,woven sweatshirt Sweatshirts,rejection,6210.40.00.00,option_3
2025-08-08 10:49:19,europe,woven pants Pants,rejection,6203.43.11.00,option_1
2025-08-08 10:49:21,europe,woven pants Pants,rejection,6203.43.90.00,option_3
2025-08-08 10:50:00,,,no_code_found,NO-CODE-FOUND,
2025-08-08 10:50:22,europe,woven sweatshirt Sweatshirts,rejection,6211.33.00.00,option_1
2025-08-08 10:50:23,europe,woven sweatshirt Sweatshirts,rejection,6201.40.90.00,option_2
2025-08-08 10:50:24,europe,woven sweatshirt Sweatshirts,rejection,6211.43.00.00,option_3
2025-08-08 11:03:17,,,no_code_found,NO-CODE-FOUND,
2025-08-08 11:03:20,,,no_code_found,NO-CODE-FOUND,
2025-08-08 11:12:03,,,no_code_found,NO-CODE-FOUND,
2025-08-08 11:12:03,,,no_code_found,NO-CODE-FOUND,
2025-08-08 11:12:03,,,no_code_found,NO-CODE-FOUND,
2025-08-08 11:12:03,,,no_code_found,NO-CODE-FOUND,
2025-08-08 11:26:58,,,no_code_found,NO-CODE-FOUND,
2025-08-08 11:26:58,,,no_code_found,NO-CODE-FOUND,
2025-08-08 11:26:59,,,no_code_found,NO-CODE-FOUND,
2025-08-08 11:26:59,,,no_code_found,NO-CODE-FOUND,
2025-08-08 11:27:00,,,no_code_found,NO-CODE-FOUND,
2025-08-08 11:27:01,,,no_code_found,NO-CODE-FOUND,
2025-08-08 11:27:03,,,no_code_found,NO-CODE-FOUND,
2025-08-08 11:39:08,norway,knitted t-shirt Long Sleeves,rejection,6106.20.00,option_1
2025-08-08 11:42:06,australia,knitted tights Tights,rejection,6104.63.00.44,option_1
2025-08-08 11:42:07,australia,knitted tights Tights,rejection,6114.30.00.06,option_3
2025-08-08 11:42:29,australia,knitted tights Tights,rejection,6115.29.00.60,option_1
2025-08-08 11:42:29,australia,knitted tights Tights,rejection,6104.63.00.44,option_2
2025-08-08 11:42:30,australia,knitted tights Tights,rejection,6114.30.00.06,option_3
2025-08-08 11:43:18,australia,knitted t-shirt T-Shirts,rejection,6109.10.00.06,option_1
2025-08-08 11:52:34,,,no_code_found,NO-CODE-FOUND,
2025-08-08 11:52:35,,,no_code_found,NO-CODE-FOUND,
2025-08-08 11:52:37,,,no_code_found,NO-CODE-FOUND,
2025-08-08 11:52:37,,,no_code_found,NO-CODE-FOUND,
2025-08-08 11:52:38,,,no_code_found,NO-CODE-FOUND,
2025-08-08 11:53:03,,,no_code_found,NO-CODE-FOUND,
2025-08-08 11:53:03,,,no_code_found,NO-CODE-FOUND,
2025-08-08 11:53:03,,,no_code_found,NO-CODE-FOUND,
2025-08-08 11:53:03,,,no_code_found,NO-CODE-FOUND,
2025-08-08 11:53:03,,,no_code_found,NO-CODE-FOUND,
2025-08-08 11:53:03,,,no_code_found,NO-CODE-FOUND,
2025-08-08 11:56:51,europe,woven pants Pants,rejection,6203.43.90.00,option_1
2025-08-08 11:56:52,europe,woven pants Pants,rejection,6203.43.39.00,option_2
2025-08-08 11:56:53,europe,woven pants Pants,rejection,6203.43.31.00,option_3
2025-08-08 11:57:05,europe,woven pants Pants,rejection,6203.43.90.00,option_1
2025-08-08 11:57:06,europe,woven pants Pants,rejection,6203.49.00.00,option_2
2025-08-08 11:57:07,europe,woven pants Pants,rejection,NO-CODE-FOUND,option_3
2025-08-08 11:57:45,europe,woven pants Pants,regeneration,,
2025-08-08 11:58:10,europe,woven pants Pants,selection,6203.43.19.00,option_3
2025-08-08 11:58:26,europe,woven pants Pants,regeneration,,
2025-08-08 11:59:13,europe,woven pants Pants,regeneration,,
2025-08-08 11:59:37,europe,woven pants Pants,selection,6203.43.19.00,option_3
2025-08-08 11:59:42,europe,knitted t-shirt T-Shirts,selection,6109.90.20.00,option_1
2025-08-08 12:05:55,,,no_code_found,NO-CODE-FOUND,
2025-08-08 12:05:55,,,no_code_found,NO-CODE-FOUND,
2025-08-08 12:19:15,,,no_code_found,NO-CODE-FOUND,
2025-08-08 12:26:08,,,no_code_found,NO-CODE-FOUND,
2025-08-08 12:26:08,,,no_code_found,NO-CODE-FOUND,
2025-08-08 12:26:08,,,no_code_found,NO-CODE-FOUND,
2025-08-08 12:26:08,,,no_code_found,NO-CODE-FOUND,
2025-08-08 12:53:33,,,no_code_found,NO-CODE-FOUND,
2025-08-08 12:53:35,,,no_code_found,NO-CODE-FOUND,
2025-08-08 13:06:49,,,no_code_found,NO-CODE-FOUND,
2025-08-08 13:06:49,,,no_code_found,NO-CODE-FOUND,
2025-08-08 13:07:54,europe,woven pants Pants,rejection,6203.43.90.00,option_1
2025-08-08 13:08:05,europe,woven pants Pants,rejection,6203.43.90.00,option_1
2025-08-08 13:08:10,europe,woven pants Pants,rejection,6203.43.90.00,option_1
2025-08-08 13:20:51,,,no_code_found,NO-CODE-FOUND,
2025-08-08 13:20:52,,,no_code_found,NO-CODE-FOUND,
2025-08-08 13:22:51,,,no_code_found,NO-CODE-FOUND,
2025-08-08 13:22:55,,,no_code_found,NO-CODE-FOUND,
2025-08-08 13:22:56,,,no_code_found,NO-CODE-FOUND,
2025-08-08 13:30:53,,,no_code_found,NO-CODE-FOUND,
2025-08-08 13:56:21,,,no_code_found,NO-CODE-FOUND,
2025-08-08 13:56:22,,,no_code_found,NO-CODE-FOUND,
2025-08-08 13:57:51,,,no_code_found,NO-CODE-FOUND,
2025-08-08 13:58:23,,,no_code_found,NO-CODE-FOUND,
2025-08-08 13:58:23,,,no_code_found,NO-CODE-FOUND,
2025-08-08 13:58:23,,,no_code_found,NO-CODE-FOUND,
2025-08-08 13:58:23,,,no_code_found,NO-CODE-FOUND,
2025-08-08 13:58:23,,,no_code_found,NO-CODE-FOUND,
2025-08-08 13:58:23,,,no_code_found,NO-CODE-FOUND,
2025-08-08 13:58:23,,,no_code_found,NO-CODE-FOUND,
2025-08-08 13:58:39,europe,woven pants Pants,rejection,6203.43.90.00,option_1
2025-08-08 13:58:41,europe,woven pants Pants,rejection,6203.43.90.00,option_1
2025-08-08 13:58:57,europe,woven pants Pants,rejection,6203.49.00.00,option_3
2025-08-08 13:59:49,,,no_code_found,NO-CODE-FOUND,
2025-08-08 13:59:50,,,no_code_found,NO-CODE-FOUND,
2025-08-08 14:00:48,,,no_code_found,NO-CODE-FOUND,
2025-08-08 14:00:48,,,no_code_found,NO-CODE-FOUND,
2025-08-08 14:01:19,,,no_code_found,NO-CODE-FOUND,
2025-08-08 14:46:04,europe,woven pants Pants,regeneration,,
2025-08-08 14:46:18,europe,woven pants Pants,regeneration,,
2025-08-08 14:51:56,,,no_code_found,NO-CODE-FOUND,
2025-08-08 14:51:57,,,no_code_found,NO-CODE-FOUND,
2025-08-08 14:51:57,,,no_code_found,NO-CODE-FOUND,
2025-08-08 14:51:58,,,no_code_found,NO-CODE-FOUND,
2025-08-08 14:51:58,,,no_code_found,NO-CODE-FOUND,
2025-08-08 14:51:58,,,no_code_found,NO-CODE-FOUND,
2025-08-08 14:51:58,,,no_code_found,NO-CODE-FOUND,
2025-08-08 14:51:58,,,no_code_found,NO-CODE-FOUND,
2025-08-08 14:51:58,,,no_code_found,NO-CODE-FOUND,
2025-08-08 14:52:00,,,no_code_found,NO-CODE-FOUND,
2025-08-08 14:52:24,switzerland,knitted pants Pants,regeneration,,
2025-08-08 14:52:34,,,no_code_found,NO-CODE-FOUND,
2025-08-08 14:52:44,switzerland,knitted pants Pants,regeneration,,
2025-08-08 14:52:54,,,no_code_found,NO-CODE-FOUND,
2025-08-08 14:53:12,switzerland,knitted pants Pants,regeneration,,
2025-08-08 14:53:22,,,no_code_found,NO-CODE-FOUND,
2025-08-08 14:53:28,switzerland,knitted pants Pants,rejection,6103.23.00-000,option_1
2025-08-08 14:53:29,switzerland,knitted pants Pants,rejection,6103.49.00-000,option_2
2025-08-08 14:53:30,switzerland,knitted pants Pants,regeneration,,
2025-08-08 14:53:42,,,no_code_found,NO-CODE-FOUND,
2025-08-08 14:53:50,switzerland,knitted pants Pants,rejection,6103.23.00-000,option_1
2025-08-08 14:53:51,switzerland,knitted pants Pants,rejection,6103.49.00-000,option_2
2025-08-08 14:53:53,switzerland,knitted pants Pants,rejection,NO-CODE-FOUND,option_3
2025-08-08 14:53:54,switzerland,knitted pants Pants,regeneration,,
2025-08-08 14:54:06,,,no_code_found,NO-CODE-FOUND,
2025-08-08 14:58:32,,,no_code_found,NO-CODE-FOUND,
2025-08-08 14:58:32,,,no_code_found,NO-CODE-FOUND,
2025-08-08 14:58:33,,,no_code_found,NO-CODE-FOUND,
2025-08-08 14:58:33,,,no_code_found,NO-CODE-FOUND,
2025-08-08 14:58:34,,,no_code_found,NO-CODE-FOUND,
2025-08-08 14:58:35,,,no_code_found,NO-CODE-FOUND,
2025-08-08 14:58:36,,,no_code_found,NO-CODE-FOUND,
2025-08-08 14:58:36,,,no_code_found,NO-CODE-FOUND,
2025-08-08 14:58:37,,,no_code_found,NO-CODE-FOUND,
2025-08-08 14:58:47,switzerland,knitted pants Pants,regeneration,,
2025-08-08 14:59:01,,,no_code_found,NO-CODE-FOUND,
2025-08-08 14:59:19,switzerland,knitted pants Pants,rejection,6103.23.00-000,option_1
2025-08-08 15:00:20,switzerland,woven pants Pants,regeneration,,
2025-08-08 15:00:30,,,no_code_found,NO-CODE-FOUND,
2025-08-08 15:00:30,,,no_code_found,NO-CODE-FOUND,
2025-08-08 15:00:40,switzerland,woven pants Pants,rejection,6203.42.00-000,option_1
2025-08-08 15:00:40,switzerland,woven pants Pants,rejection,NO-CODE-FOUND,option_2
2025-08-08 15:00:41,switzerland,woven pants Pants,rejection,NO-CODE-FOUND,option_3
2025-08-08 15:00:42,switzerland,woven pants Pants,regeneration,,
2025-08-08 15:00:51,,,no_code_found,NO-CODE-FOUND,
2025-08-08 15:00:51,,,no_code_found,NO-CODE-FOUND,
2025-08-08 15:01:31,switzerland,woven pants Pants,regeneration,,
2025-08-08 15:01:41,,,no_code_found,NO-CODE-FOUND,
2025-08-08 15:01:41,,,no_code_found,NO-CODE-FOUND,
2025-08-08 15:06:41,,,no_code_found,NO-CODE-FOUND,
2025-08-08 15:06:41,,,no_code_found,NO-CODE-FOUND,
2025-08-08 15:06:41,,,no_code_found,NO-CODE-FOUND,
2025-08-08 15:06:41,,,no_code_found,NO-CODE-FOUND,
2025-08-08 15:33:46,,,no_code_found,NO-CODE-FOUND,
2025-08-08 15:33:46,,,no_code_found,NO-CODE-FOUND,
2025-08-08 15:33:47,,,no_code_found,NO-CODE-FOUND,
2025-08-08 15:33:47,,,no_code_found,NO-CODE-FOUND,
2025-08-08 15:33:48,,,no_code_found,NO-CODE-FOUND,
2025-08-08 15:33:49,,,no_code_found,NO-CODE-FOUND,
2025-08-11 08:47:36,,,no_code_found,NO-CODE-FOUND,
2025-08-11 08:47:36,,,no_code_found,NO-CODE-FOUND,
2025-08-11 08:47:36,,,no_code_found,NO-CODE-FOUND,
2025-08-11 08:50:28,,,no_code_found,NO-CODE-FOUND,
2025-08-11 08:50:29,,,no_code_found,NO-CODE-FOUND,
2025-08-11 08:50:29,,,no_code_found,NO-CODE-FOUND,
2025-08-11 08:51:54,,,no_code_found,NO-CODE-FOUND,
2025-08-11 08:51:56,,,no_code_found,NO-CODE-FOUND,
2025-08-11 08:51:56,,,no_code_found,NO-CODE-FOUND,
2025-08-11 08:52:33,,,no_code_found,NO-CODE-FOUND,
2025-08-11 08:52:49,,,no_code_found,NO-CODE-FOUND,
2025-08-11 08:52:49,,,no_code_found,NO-CODE-FOUND,
2025-08-11 08:53:29,,,no_code_found,NO-CODE-FOUND,
2025-08-11 08:53:30,,,no_code_found,NO-CODE-FOUND,
2025-08-11 08:53:31,,,no_code_found,NO-CODE-FOUND,
2025-08-11 08:53:31,,,no_code_found,NO-CODE-FOUND,
2025-08-11 10:45:56,australia,knitted t-shirt T-Shirts,regeneration,,
2025-08-11 10:46:18,australia,knitted t-shirt T-Shirts,regeneration,,
2025-08-11 11:50:33,australia,knitted tights Tights,rejection,6103.43.00.44,option_1
2025-08-11 11:50:34,australia,knitted tights Tights,rejection,6104.63.00.44,option_2
2025-08-11 11:50:34,australia,knitted tights Tights,rejection,6114.30.00.05,option_3
2025-08-11 11:50:35,australia,knitted tights Tights,regeneration,,
2025-08-11 11:50:50,,,no_code_found,NO-CODE-FOUND,
2025-08-11 11:51:37,australia,knitted tights Tights,regeneration,,
2025-08-11 12:10:07,,,no_code_found,NO-CODE-FOUND,
2025-08-11 12:10:07,,,no_code_found,NO-CODE-FOUND,
2025-08-11 12:10:08,,,no_code_found,NO-CODE-FOUND,
2025-08-11 12:10:10,,,no_code_found,NO-CODE-FOUND,
2025-08-11 12:10:11,,,no_code_found,NO-CODE-FOUND,
2025-08-11 12:10:12,,,no_code_found,NO-CODE-FOUND,
2025-08-11 13:49:46,europe,woven padded vest Vests,regeneration,,
2025-08-11 14:25:29,,,no_code_found,NO-CODE-FOUND,
2025-08-11 14:25:29,,,no_code_found,NO-CODE-FOUND,
2025-08-11 14:25:29,,,no_code_found,NO-CODE-FOUND,
2025-08-11 14:52:44,,,no_code_found,NO-CODE-FOUND,
2025-08-11 14:52:45,,,no_code_found,NO-CODE-FOUND,
2025-08-11 14:52:46,,,no_code_found,NO-CODE-FOUND,
2025-08-11 14:52:46,,,no_code_found,NO-CODE-FOUND,
2025-08-11 14:52:47,,,no_code_found,NO-CODE-FOUND,
2025-08-11 14:52:47,,,no_code_found,NO-CODE-FOUND,
2025-08-11 14:52:47,,,no_code_found,NO-CODE-FOUND,
2025-08-11 14:52:48,,,no_code_found,NO-CODE-FOUND,
2025-08-11 14:52:49,,,no_code_found,NO-CODE-FOUND,
2025-08-11 14:52:49,,,no_code_found,NO-CODE-FOUND,
2025-08-11 16:11:21,,,no_code_found,NO-CODE-FOUND,
2025-08-11 16:11:21,,,no_code_found,NO-CODE-FOUND,
2025-08-11 16:11:22,,,no_code_found,NO-CODE-FOUND,
2025-08-11 16:11:23,,,no_code_found,NO-CODE-FOUND,
2025-08-11 16:11:23,,,no_code_found,NO-CODE-FOUND,
2025-08-11 16:11:23,,,no_code_found,NO-CODE-FOUND,
2025-08-11 16:11:24,,,no_code_found,NO-CODE-FOUND,
2025-08-11 16:11:24,,,no_code_found,NO-CODE-FOUND,
2025-08-11 16:11:24,,,no_code_found,NO-CODE-FOUND,
2025-08-11 16:11:24,,,no_code_found,NO-CODE-FOUND,
2025-08-11 16:43:53,,,no_code_found,NO-CODE-FOUND,
2025-08-11 16:43:53,,,no_code_found,NO-CODE-FOUND,
2025-08-11 16:43:54,,,no_code_found,NO-CODE-FOUND,
2025-08-11 16:43:54,,,no_code_found,NO-CODE-FOUND,
2025-08-11 16:43:54,,,no_code_found,NO-CODE-FOUND,
2025-08-11 16:43:55,,,no_code_found,NO-CODE-FOUND,
2025-08-11 16:43:55,,,no_code_found,NO-CODE-FOUND,
2025-08-11 16:43:55,,,no_code_found,NO-CODE-FOUND,
2025-08-11 16:43:56,,,no_code_found,NO-CODE-FOUND,
2025-08-11 16:43:56,,,no_code_found,NO-CODE-FOUND,
2025-08-11 16:48:19,,,no_code_found,NO-CODE-FOUND,
2025-08-11 16:48:20,,,no_code_found,NO-CODE-FOUND,
2025-08-11 16:48:22,,,no_code_found,NO-CODE-FOUND,
2025-08-11 16:48:22,,,no_code_found,NO-CODE-FOUND,
2025-08-11 16:48:22,,,no_code_found,NO-CODE-FOUND,
2025-08-11 16:48:22,,,no_code_found,NO-CODE-FOUND,
2025-08-11 16:48:23,,,no_code_found,NO-CODE-FOUND,
2025-08-11 16:48:23,,,no_code_found,NO-CODE-FOUND,
2025-08-11 16:48:23,,,no_code_found,NO-CODE-FOUND,
2025-08-11 16:48:24,,,no_code_found,NO-CODE-FOUND,
2025-08-11 17:07:55,,,no_code_found,NO-CODE-FOUND,
2025-08-11 17:07:55,,,no_code_found,NO-CODE-FOUND,
2025-08-11 17:07:56,,,no_code_found,NO-CODE-FOUND,
2025-08-11 17:07:56,,,no_code_found,NO-CODE-FOUND,
2025-08-11 17:07:56,,,no_code_found,NO-CODE-FOUND,
2025-08-11 17:07:57,,,no_code_found,NO-CODE-FOUND,
2025-08-11 17:07:57,,,no_code_found,NO-CODE-FOUND,
2025-08-11 17:07:57,,,no_code_found,NO-CODE-FOUND,
2025-08-11 17:07:58,,,no_code_found,NO-CODE-FOUND,
2025-08-11 17:07:58,,,no_code_found,NO-CODE-FOUND,
2025-08-11 17:09:52,switzerland,woven shorts Shorts,regeneration,,
2025-08-11 17:10:13,switzerland,woven shorts Shorts,rejection,6203.42.00-000,option_1
2025-08-11 17:10:15,switzerland,woven shorts Shorts,rejection,6203.49.00-000,option_3
2025-08-11 17:10:49,switzerland,woven pants Trousers,regeneration,,
2025-08-11 17:11:07,,,no_code_found,NO-CODE-FOUND,
2025-08-11 17:11:07,,,no_code_found,NO-CODE-FOUND,
2025-08-11 17:11:07,,,no_code_found,NO-CODE-FOUND,
2025-08-11 17:11:07,,,no_code_found,NO-CODE-FOUND,
2025-08-11 17:11:07,,,no_code_found,NO-CODE-FOUND,
2025-08-13 10:50:29,,,no_code_found,NO-CODE-FOUND,
2025-08-13 10:50:29,,,no_code_found,NO-CODE-FOUND,
2025-08-13 11:00:46,,,no_code_found,NO-CODE-FOUND,
2025-08-13 11:00:52,,,no_code_found,NO-CODE-FOUND,
2025-08-13 11:19:11,united kingdom,knitted tights Tights,regeneration,,
2025-08-13 11:20:43,united kingdom,knitted tights Tights,regeneration,,
2025-08-13 11:21:04,united kingdom,knitted tights Tights,regeneration,,
2025-08-13 11:21:28,united kingdom,knitted tights Tights,rejection,6104.63.00.00,option_1
2025-08-13 11:21:30,united kingdom,knitted tights Tights,rejection,6104.63.00.00,option_1
2025-08-13 11:22:07,,,no_code_found,NO-CODE-FOUND,
2025-08-13 11:26:35,,,no_code_found,NO-CODE-FOUND,
2025-08-13 11:26:42,,,no_code_found,NO-CODE-FOUND,
2025-08-13 11:26:42,,,no_code_found,NO-CODE-FOUND,
2025-08-13 11:40:42,south korea,knitted tights Tights,rejection,6104.63.0000,option_1
2025-08-13 13:26:48,,,no_code_found,NO-CODE-FOUND,
2025-08-13 13:26:48,,,no_code_found,NO-CODE-FOUND,
2025-08-13 13:26:51,,,no_code_found,NO-CODE-FOUND,
2025-08-13 13:26:51,,,no_code_found,NO-CODE-FOUND,
2025-08-13 13:50:02,,,no_code_found,NO-CODE-FOUND,
2025-08-13 13:50:03,,,no_code_found,NO-CODE-FOUND,
2025-08-13 13:50:03,,,no_code_found,NO-CODE-FOUND,
2025-08-13 13:50:04,,,no_code_found,NO-CODE-FOUND,
2025-08-13 14:05:56,europe,knitted tights Tights,rejection,6115.21.00.00,option_3
2025-08-13 14:05:58,europe,knitted tights Tights,rejection,6104.63.00.00,option_2
2025-08-14 14:32:52,,,no_code_found,NO-CODE-FOUND,
2025-08-14 14:32:55,,,no_code_found,NO-CODE-FOUND,
2025-08-14 14:32:56,,,no_code_found,NO-CODE-FOUND,
2025-08-14 14:32:57,,,no_code_found,NO-CODE-FOUND,
2025-08-14 14:32:58,,,no_code_found,NO-CODE-FOUND,
2025-08-14 14:36:18,,,no_code_found,NO-CODE-FOUND,
2025-08-14 14:36:19,,,no_code_found,NO-CODE-FOUND,
2025-08-14 14:36:20,,,no_code_found,NO-CODE-FOUND,
2025-08-14 14:36:21,,,no_code_found,NO-CODE-FOUND,
2025-08-14 14:36:25,,,no_code_found,NO-CODE-FOUND,
2025-08-15 08:29:37,,,no_code_found,NO-CODE-FOUND,
2025-08-15 08:29:38,,,no_code_found,NO-CODE-FOUND,
2025-08-15 08:29:38,,,no_code_found,NO-CODE-FOUND,
2025-08-15 08:29:39,,,no_code_found,NO-CODE-FOUND,
2025-08-15 08:29:42,,,no_code_found,NO-CODE-FOUND,
2025-08-15 08:38:24,,,no_code_found,NO-CODE-FOUND,
2025-08-15 08:52:55,,,no_code_found,NO-CODE-FOUND,
2025-08-15 08:52:56,,,no_code_found,NO-CODE-FOUND,
2025-08-15 08:52:57,,,no_code_found,NO-CODE-FOUND,
2025-08-15 08:53:00,,,no_code_found,NO-CODE-FOUND,
2025-08-18 08:32:13,,,no_code_found,NO-CODE-FOUND,
2025-08-18 08:32:15,,,no_code_found,NO-CODE-FOUND,
2025-08-18 08:32:56,,,no_code_found,NO-CODE-FOUND,
2025-08-18 08:43:18,,,no_code_found,NO-CODE-FOUND,
2025-08-18 08:43:19,,,no_code_found,NO-CODE-FOUND,
2025-08-18 09:24:37,,,no_code_found,NO-CODE-FOUND,
2025-08-20 10:01:54,,,no_code_found,NO-CODE-FOUND,
2025-08-20 10:01:57,,,no_code_found,NO-CODE-FOUND,
2025-08-20 10:01:58,,,no_code_found,NO-CODE-FOUND,
2025-08-20 10:01:58,,,no_code_found,NO-CODE-FOUND,
2025-08-20 10:02:57,,,no_code_found,NO-CODE-FOUND,
2025-08-20 10:02:57,,,no_code_found,NO-CODE-FOUND,
2025-08-20 10:02:58,,,no_code_found,NO-CODE-FOUND,
2025-08-20 15:02:43,,,no_code_found,NO-CODE-FOUND,
2025-08-20 15:02:43,,,no_code_found,NO-CODE-FOUND,
2025-08-20 15:02:44,,,no_code_found,NO-CODE-FOUND,
2025-08-20 15:02:45,,,no_code_found,NO-CODE-FOUND,
2025-08-20 15:02:45,,,no_code_found,NO-CODE-FOUND,
2025-08-20 16:45:59,,,no_code_found,NO-CODE-FOUND,
2025-08-20 16:45:59,,,no_code_found,NO-CODE-FOUND,
2025-08-20 16:46:00,,,no_code_found,NO-CODE-FOUND,
2025-08-20 16:46:00,,,no_code_found,NO-CODE-FOUND,
2025-08-20 16:48:45,,,no_code_found,NO-CODE-FOUND,
2025-08-20 16:49:44,,,no_code_found,NO-CODE-FOUND,
2025-08-21 14:53:47,,,no_code_found,NO-CODE-FOUND,
2025-08-21 14:54:46,,,no_code_found,NO-CODE-FOUND,
2025-08-21 14:54:46,,,no_code_found,NO-CODE-FOUND,
2025-08-21 15:13:37,,,no_code_found,NO-CODE-FOUND,
2025-08-21 17:10:31,,,no_code_found,NO-CODE-FOUND,
2025-08-21 17:10:31,,,no_code_found,NO-CODE-FOUND,
2025-08-21 17:20:41,,,no_code_found,NO-CODE-FOUND,
2025-08-21 17:20:42,,,no_code_found,NO-CODE-FOUND,
2025-08-21 17:22:41,,,no_code_found,NO-CODE-FOUND,
2025-08-26 13:28:28,,,no_code_found,NO-CODE-FOUND,
2025-08-26 13:29:24,,,no_code_found,NO-CODE-FOUND,
2025-08-26 13:29:26,,,no_code_found,NO-CODE-FOUND,
2025-08-26 13:29:26,,,no_code_found,NO-CODE-FOUND,
2025-08-26 13:29:27,,,no_code_found,NO-CODE-FOUND,
2025-08-26 13:43:23,,,no_code_found,NO-CODE-FOUND,
2025-08-26 13:43:23,,,no_code_found,NO-CODE-FOUND,
2025-08-26 13:43:24,,,no_code_found,NO-CODE-FOUND,
2025-08-26 13:43:24,,,no_code_found,NO-CODE-FOUND,
2025-08-26 13:43:24,,,no_code_found,NO-CODE-FOUND,
2025-10-13 15:44:14,,,no_code_found,NO-CODE-FOUND,
2025-10-13 15:44:18,,,no_code_found,NO-CODE-FOUND,
