timestamp,rows_processed,total_time_seconds
2025-06-16 09:46:31,20.0,152.48
2025-06-16 09:59:29,20.0,239.89
2025-06-16 10:17:09,14.0,259.37
2025-06-16 10:30:10,20.0,113.56
2025-06-16 10:56:10,20.0,55.36
2025-06-16 11:14:55,20.0,59.21
2025-06-16 11:17:55,20.0,119.35
2025-06-16 11:24:46,20.0,230.7
2025-06-16 13:38:45,20.0,342.01
2025-06-16 13:46:54,20.0,216.53
2025-06-16 13:52:56,20.0,146.83
2025-06-16 14:05:42,20.0,120.6
2025-06-16 14:14:18,20.0,182.86
2025-06-16 15:52:29,20.0,198.72
2025-06-16 16:01:24,20.0,401.35
2025-06-16 16:11:14,20.0,201.5
2025-06-16 16:25:53,20.0,229.63
2025-06-16 16:36:56,20.0,207.22
2025-06-16 17:01:48,20.0,223.17
2025-06-16 17:09:30,20.0,207.92
2025-06-16 19:51:02,20.0,177.15
2025-06-16 21:40:44,20.0,197.66
2025-06-18 14:39:42,20.0,181.73
2025-06-18 14:58:29,20.0,225.46
2025-06-18 15:04:53,20.0,185.36
2025-06-18 15:11:28,20.0,183.23
2025-06-18 15:17:03,20.0,184.27
2025-06-18 15:38:19,20.0,153.71
2025-06-18 15:54:57,20.0,174.98
2025-06-18 15:58:26,20.0,183.1
2025-06-18 16:06:51,20.0,164.42
2025-06-20 10:47:50,20.0,161.62
2025-06-20 11:22:57,20.0,193.57
2025-06-20 11:52:37,20.0,184.58
2025-06-20 13:38:15,20.0,189.05
2025-06-20 14:17:40,20.0,221.02
2025-06-20 17:46:09,20.0,186.84
2025-06-23 11:37:50,20.0,184.39
2025-06-23 16:07:28,20.0,239.85
2025-06-23 17:49:05,20.0,169.75
2025-06-24 08:37:16,20.0,226.11
2025-06-24 09:05:16,20.0,172.8
2025-06-24 09:28:07,20.0,174.06
2025-06-24 10:04:23,20.0,154.07
2025-06-24 10:08:18,20.0,175.72
2025-06-24 10:32:45,20.0,600.17
2025-06-24 10:44:01,20.0,174.0
2025-06-24 11:33:02,20,169.55
2025-06-24 11:46:12,20,181.65
2025-06-24 11:59:47,20,149.4
2025-06-25 13:49:35,20,154.23
2025-07-04 09:54:00,11,67.07
2025-07-04 09:57:00,11,22.99
2025-07-04 09:58:00,11,22.88
2025-07-04 09:59:00,11,1.16
2025-07-04 10:05:00,15,286.38
2025-07-04 10:15:00,15,80.74
2025-07-04 10:18:00,15,56.49
2025-07-04 10:24:00,15,65.26
2025-07-04 10:26:00,15,1.58
2025-07-04 10:39:00,20,203.19
2025-07-04 13:10:00,20,206.51
2025-07-04 14:34:00,10,129.64
2025-07-04 14:37:00,10,52.28
2025-07-04 14:39:00,10,52.28
2025-07-04 14:44:00,10,1.06
2025-07-04 14:46:00,10,92.59
2025-07-04 14:50:00,10,116.97
2025-07-04 14:53:00,10,202.18
2025-07-06 10:54:19,10,79.84
2025-07-06 11:28:19,10,71.23
2025-07-06 14:48:45,10,51.86
2025-07-06 14:55:27,10,51.74
2025-07-06 15:02:26,10,94.68
2025-07-06 15:07:53,10,48.27
2025-07-06 15:10:58,10,110.37
2025-07-06 15:12:09,10,10.45
2025-07-06 15:13:53,244,21.36
2025-07-06 15:25:06,15,10.43
2025-07-07 11:34:10,15,13.81
2025-07-07 13:46:45,15,1.15
2025-07-07 13:47:09,15,0.84
2025-07-07 14:31:59,15,0.99
2025-07-07 14:35:25,15,0.92
2025-07-07 14:35:46,15,0.73
2025-07-07 14:37:11,15,0.9
2025-07-07 14:37:28,15,1.16
2025-07-07 14:51:12,15,0.81
2025-07-07 14:52:31,15,13.76
2025-07-07 15:46:20,15,0.87
2025-07-07 15:46:31,15,1.29
2025-07-07 15:48:40,15,1.22
2025-07-07 16:32:15,10,11.45
2025-07-08 08:48:15,10,12.39
2025-07-08 08:50:21,10,11.8
2025-07-08 08:50:32,10,0.86
2025-07-08 08:56:10,10,12.22
2025-07-08 09:15:45,10,0.71
2025-07-08 09:15:54,10,0.63
2025-07-08 09:18:09,10,0.62
2025-07-08 09:26:25,10,0.54
2025-07-08 09:33:04,10,13.06
2025-07-08 09:37:47,10,0.46
2025-07-08 09:47:16,10,13.21
2025-07-08 09:49:03,10,0.84
2025-07-08 09:49:37,10,0.86
2025-07-08 09:54:00,10,0.8
2025-07-08 10:11:12,10,0.85
2025-07-08 10:15:26,10,12.53
2025-07-08 10:17:05,10,0.88
2025-07-08 10:18:32,10,10.06
2025-07-08 10:20:12,10,12.01
2025-07-08 10:39:33,10,10.94
2025-07-08 10:53:06,10,11.89
2025-07-08 10:55:32,10,0.32
2025-07-08 10:58:04,10,18.07
2025-07-08 11:38:27,10,0.53
2025-07-08 11:38:52,10,0.28
2025-07-08 11:48:39,10,12.96
2025-07-08 12:00:17,10,0.22
2025-07-08 14:13:38,10,0.21
2025-07-08 14:15:50,10,26.13
2025-07-08 14:20:14,10,17.0
2025-07-08 14:21:29,10,0.58
2025-07-08 14:22:13,10,0.52
2025-07-08 14:22:27,10,0.55
2025-07-08 14:23:47,10,17.52
2025-07-08 14:29:34,10,14.89
2025-07-08 14:36:20,10,13.61
2025-07-09 10:50:23,10,0.52
2025-07-09 10:51:57,10,29.72
2025-07-09 10:57:39,10,0.43
2025-07-09 10:59:09,10,0.38
2025-07-09 11:01:26,10,22.33
2025-07-09 11:06:27,10,26.5
2025-07-09 11:30:20,10,0.39
2025-07-09 11:39:09,10,28.1
2025-07-09 11:43:45,10,0.38
2025-07-09 11:59:15,10,0.37
2025-07-09 13:45:51,10,56.59
2025-07-09 14:02:27,10,13.77
2025-07-09 14:24:44,10,22.18
2025-07-09 14:28:05,10,26.97
2025-07-09 14:35:54,10,59.19
2025-07-09 14:45:39,10,0.91
2025-07-09 14:47:18,10,0.82
2025-07-10 14:24:20,10,13.7
2025-07-14 08:48:21,10,0.43
2025-07-14 08:57:01,10,13.09
2025-07-14 10:20:54,10,12.46
2025-07-14 10:21:19,10,0.35
2025-07-14 11:20:24,10,13.18
2025-07-14 11:20:54,10,12.42
2025-07-14 11:36:48,10,11.91
2025-07-14 11:37:12,10,12.11
2025-07-14 11:56:19,10,12.0
2025-07-14 12:02:45,10,22.27
2025-07-14 12:11:44,10,10.89
2025-07-14 12:39:26,10,11.08
2025-07-14 12:44:19,10,12.25
2025-07-14 13:34:22,10,9.7
2025-07-14 13:36:08,10,9.08
2025-07-14 13:36:59,10,9.79
2025-07-14 14:39:54,10,9.8
2025-07-14 14:42:35,10,14.37
2025-07-14 14:48:01,10,63.27
2025-07-14 15:00:46,10,34.42
2025-07-14 15:03:02,10,52.31
2025-07-14 15:05:05,10,11.63
2025-07-14 16:15:34,10,21.85
2025-07-14 16:20:34,10,22.53
2025-07-14 16:37:46,10,0.01
2025-07-14 16:39:39,10,8.38
2025-07-14 16:47:04,10,0.02
2025-07-14 16:53:17,10,10.65
2025-07-14 17:11:44,10,0.0
2025-07-14 17:12:21,10,0.0
2025-07-14 17:17:47,10,0.0
2025-07-14 17:19:03,10,17.88
2025-07-16 14:06:10,10,71.19
2025-07-16 15:02:46,10,0.01
2025-07-16 17:17:03,10,10.93
2025-07-16 17:24:46,10,21.78
2025-07-16 17:25:52,10,12.22
2025-07-16 17:26:18,10,12.62
2025-07-16 17:42:55,10,16.94
2025-07-16 17:47:16,10,19.4
2025-07-16 17:56:54,10,8.12
2025-07-17 09:06:58,10,14.66
2025-07-17 09:18:14,10,14.51
2025-07-17 09:49:18,10,12.13
2025-07-17 10:09:56,10,12.64
2025-07-17 10:40:18,10,16.48
2025-07-17 10:46:30,10,12.05
2025-07-17 10:46:56,10,11.7
2025-07-17 11:08:25,10,9.4
2025-07-17 11:13:37,10,11.18
2025-07-17 11:15:36,10,7.53
2025-07-17 11:19:00,10,19.19
2025-07-17 11:20:21,10,11.42
2025-07-17 11:22:31,10,7.46
2025-07-17 11:23:13,10,8.93
2025-07-17 11:24:57,10,9.16
2025-07-17 11:29:28,10,10.8
2025-07-17 11:30:44,10,10.03
2025-07-17 11:33:29,10,0.01
2025-07-17 11:41:06,10,0.02
2025-07-17 11:42:23,10,27.11
2025-07-17 11:45:20,10,34.64
2025-07-17 11:48:18,10,83.56
2025-07-17 11:49:42,10,58.01
2025-07-17 11:53:35,10,45.04
2025-07-17 12:08:23,10,25.44
2025-07-17 13:19:20,10,42.58
2025-07-17 13:48:37,10,46.82
2025-07-17 13:50:19,10,41.35
2025-07-18 09:38:41,10,44.02
2025-07-18 11:05:18,10,43.4
2025-07-18 11:24:01,10,42.52
2025-07-18 14:06:45,10,44.33
2025-07-18 14:10:13,10,39.8
2025-07-18 15:29:19,10,26.06
2025-07-21 10:13:51,10,38.28
2025-07-22 09:13:09,10,43.18
2025-07-22 09:14:38,10,12.22
2025-07-22 09:15:08,10,42.29
2025-07-22 09:16:01,10,19.9
2025-07-22 09:20:50,10,0.01
2025-07-22 09:21:30,10,30.5
2025-07-22 09:29:43,10,15.63
2025-07-22 09:46:27,10,22.8
2025-07-22 09:50:09,10,31.69
2025-07-22 10:06:32,10,120.13
2025-07-22 10:08:05,10,50.32
2025-07-22 10:24:29,10,12.63
2025-07-22 10:28:27,10,0.0
2025-07-22 10:30:28,10,0.0
2025-07-22 10:31:56,10,19.54
2025-07-22 11:06:57,10,19.13
2025-07-22 11:13:22,10,42.96
2025-07-22 11:21:09,10,14.5
2025-07-22 11:24:37,10,12.03
2025-07-22 13:25:10,10,10.78
2025-07-22 14:05:14,10,19.76
2025-07-22 15:01:45,10,21.98
2025-07-22 15:54:23,10,25.99
2025-07-22 16:09:01,10,0.92
2025-07-22 16:12:26,10,0.91
2025-07-22 16:50:32,10,1.1
2025-07-23 10:02:14,10,29.39
2025-07-23 10:10:09,10,39.92
2025-07-23 10:14:48,10,24.79
2025-07-23 10:31:01,10,27.74
2025-07-23 10:45:53,10,13.07
2025-07-23 11:52:47,10,15.38
2025-07-23 11:54:32,10,13.5
2025-07-23 11:56:53,10,14.57
2025-07-23 12:10:14,10,16.92
2025-07-23 14:30:42,10,20.29
2025-07-23 14:54:37,10,58.15
2025-07-23 15:03:46,10,45.93
2025-07-23 15:17:08,10,32.75
2025-07-23 15:26:20,10,120.31
2025-07-23 16:12:44,10,21.41
2025-07-23 16:18:01,10,48.63
2025-07-23 16:21:16,10,120.32
2025-07-23 16:27:12,0,0.0
2025-07-23 16:28:01,1,9.64
2025-07-23 16:29:28,1,9.01
2025-07-23 16:39:48,1,11.05
2025-07-23 16:40:51,1,15.97
2025-07-23 16:45:54,10,9.73
2025-07-23 16:47:06,10,0.02
2025-07-23 17:02:32,10,0.01
2025-07-24 11:37:15,10,0.02
2025-07-24 11:38:53,10,50.69
2025-07-24 11:43:28,10,17.22
2025-07-24 11:44:18,10,23.26
2025-07-24 13:47:06,10,13.35
2025-07-24 15:38:45,10,60.5
2025-07-24 15:42:19,50,58.41
2025-07-24 16:21:39,50,206.16
2025-07-24 16:36:50,50,78.39
2025-07-24 16:48:36,50,77.82
2025-07-24 16:59:37,50,76.59
2025-07-24 17:22:54,50,115.62
2025-07-25 13:55:56,50,75.13
2025-07-25 14:03:01,50,247.18
2025-07-25 14:18:43,10,17.31
2025-08-07 11:38:12,0,0.0
2025-08-07 11:39:30,10,10.53
2025-08-07 11:56:07,10,47.81
2025-08-07 13:55:56,10,23.36
2025-08-07 13:56:20,10,120.19
2025-08-07 14:19:46,10,31.9
2025-08-07 21:05:48,10,16.07
2025-08-07 21:15:23,10,15.78
2025-08-08 08:20:09,10,14.7
2025-08-08 08:50:35,10,23.44
2025-08-08 09:29:33,10,21.09
2025-08-08 09:38:48,10,23.18
2025-08-08 09:41:02,10,23.81
2025-08-08 10:39:17,10,21.43
2025-08-08 10:50:00,10,18.7
2025-08-08 11:03:22,10,24.1
2025-08-08 11:05:06,10,22.68
2025-08-08 11:13:53,10,120.4
2025-08-08 11:27:03,10,12.02
2025-08-08 11:40:35,10,18.24
2025-08-08 11:53:03,10,42.74
2025-08-08 12:05:55,10,16.15
2025-08-08 12:19:25,10,26.91
2025-08-08 12:26:08,10,30.91
2025-08-08 12:53:35,10,14.57
2025-08-08 13:06:55,10,21.02
2025-08-08 13:10:25,6,0.02
2025-08-08 13:20:52,10,14.59
2025-08-08 13:24:41,10,120.14
2025-08-08 13:30:53,10,23.0
2025-08-08 13:49:30,10,120.21
2025-08-08 13:56:22,10,16.93
2025-08-08 13:58:23,10,51.59
2025-08-08 14:01:33,10,120.4
2025-08-08 14:32:16,10,0.41
2025-08-08 14:47:07,10,0.83
2025-08-08 14:50:26,10,0.86
2025-08-08 14:52:00,10,12.54
2025-08-08 14:58:37,10,13.71
2025-08-08 15:06:42,10,10.08
2025-08-08 15:33:52,10,20.33
2025-08-11 08:18:59,10,0.23
2025-08-11 08:47:36,10,9.09
2025-08-11 08:50:29,10,9.19
2025-08-11 08:52:00,10,18.78
2025-08-11 08:52:49,10,24.55
2025-08-11 08:53:56,10,39.58
2025-08-11 10:12:45,10,16.49
2025-08-11 10:44:41,10,17.78
2025-08-11 11:54:28,10,13.54
2025-08-11 11:55:24,10,17.46
2025-08-11 12:10:12,10,20.33
2025-08-11 13:53:41,10,14.11
2025-08-11 14:25:29,10,11.68
2025-08-11 14:36:02,10,16.33
2025-08-11 14:52:49,10,12.89
2025-08-11 14:55:34,10,10.63
2025-08-11 16:11:24,10,12.99
2025-08-11 16:43:56,10,12.48
2025-08-11 16:48:24,10,12.37
2025-08-11 16:49:19,10,17.9
2025-08-11 16:54:24,10,16.92
2025-08-11 16:55:00,10,20.35
2025-08-11 17:06:16,10,51.7
2025-08-11 17:07:58,10,12.91
2025-08-11 17:49:34,10,0.11
2025-08-12 14:04:28,10,56.43
2025-08-12 14:34:01,10,0.06
2025-08-13 10:50:31,10,15.59
2025-08-13 11:00:52,10,19.83
2025-08-13 11:26:42,10,20.16
2025-08-13 13:26:52,10,19.58
2025-08-13 13:50:07,10,19.95
2025-08-13 14:08:05,10,14.15
2025-08-14 14:33:00,10,22.21
2025-08-14 14:36:25,10,22.55
2025-08-15 08:29:42,10,18.63
2025-08-15 08:36:08,10,0.08
2025-08-15 08:38:36,10,24.48
2025-08-15 08:40:47,10,0.1
2025-08-15 08:53:00,10,13.65
2025-08-18 08:24:07,10,0.15
2025-08-18 08:27:45,10,18.01
2025-08-18 08:29:22,10,19.46
2025-08-18 08:32:17,10,17.99
2025-08-18 08:33:17,10,34.43
2025-08-18 08:35:08,10,0.14
2025-08-18 08:42:22,10,17.63
2025-08-18 08:43:23,10,20.31
2025-08-18 08:45:03,10,0.11
2025-08-18 09:06:40,10,19.13
2025-08-18 09:08:26,10,0.14
2025-08-18 09:24:42,10,19.21
2025-08-18 09:26:01,10,0.12
2025-08-19 16:40:07,10,0.24
2025-08-20 10:03:00,30,80.67
2025-08-20 15:05:45,30,254.7
2025-08-20 16:47:50,30,180.58
2025-08-20 16:50:36,30,128.59
2025-08-21 17:22:44,30,136.24
2025-08-26 13:29:27,10,11.14
2025-08-26 13:43:28,10,15.35
2025-08-26 13:50:43,10,14.33
2025-10-13 15:44:26,21,174.07
