timestamp,country,product_type,input_tokens,output_tokens,total_tokens
2025-07-22 14:05:01,australia,knitted t-shirt T-Shirts,15346,917,16263
2025-07-22 14:05:06,australia,knitted crop top Crop Tops,9330,1374,10704
2025-07-22 14:05:07,australia,knitted t-shirt Short Sleeves,14977,2056,17033
2025-07-22 14:05:07,australia,woven pants Pants,14302,2214,16516
2025-07-22 14:05:08,australia,knitted tights Tights,15340,2346,17686
2025-07-22 14:05:08,australia,knitted tank Short Sleeves,14985,2386,17371
2025-07-22 14:05:14,australia,knitted t-shirt T-Shirts,15356,2032,17388
2025-07-22 15:01:30,australia,knitted t-shirt T-Shirts,15346,917,16263
2025-07-22 15:01:35,australia,knitted crop top Crop Tops,9330,1448,10778
2025-07-22 15:01:35,australia,knitted t-shirt Short Sleeves,14977,2056,17033
2025-07-22 15:01:36,australia,knitted crop top Crop Tops,9330,1374,10704
2025-07-22 15:01:37,australia,woven pants Pants,14302,2258,16560
2025-07-22 15:01:38,australia,knitted tights Tights,15340,2425,17765
2025-07-22 15:01:41,australia,knitted tank Short Sleeves,14985,3066,18051
2025-07-22 15:01:41,australia,knitted t-shirt T-Shirts,15356,2032,17388
2025-07-22 15:01:41,australia,woven pants Pants,14296,2261,16557
2025-07-22 15:01:45,australia,woven jacket Winter Jackets,14316,2282,16598
2025-07-22 15:54:04,australia,knitted t-shirt T-Shirts,15346,917,16263
2025-07-22 15:54:09,australia,knitted t-shirt Short Sleeves,14977,2056,17033
2025-07-22 15:54:10,australia,woven pants Pants,14302,2214,16516
2025-07-22 15:54:12,australia,knitted tank Short Sleeves,14985,2386,17371
2025-07-22 15:54:13,australia,knitted tights Tights,15340,2346,17686
2025-07-22 15:54:23,australia,woven pants Pants,14296,2261,16557
2025-07-22 15:55:25,australia,,15358,2429,17787
2025-07-22 16:00:16,australia,,15342,2332,17674
2025-07-22 16:01:09,australia,,14318,918,15236
2025-07-22 16:02:22,australia,,9332,1145,10477
2025-07-22 16:02:44,australia,,9332,1738,11070
2025-07-22 16:04:01,australia,,9441,687,10128
2025-07-23 10:01:53,united states,knitted pants Pants,55682,2220,57902
2025-07-23 10:01:53,united states,tights Tights,55216,2368,57584
2025-07-23 10:01:54,united states,knitted sweatshirt Sweatshirts,55250,2371,57621
2025-07-23 10:01:55,united states,knitted t-shirt T-Shirts,55222,2566,57788
2025-07-23 10:01:57,united states,bra Bras,25632,2171,27803
2025-07-23 10:01:58,united states,bra Bras,25651,2068,27719
2025-07-23 10:02:01,united states,knitted tights half Tights,55355,1877,57232
2025-07-23 10:02:02,united states,knitted tights Tights,55581,2228,57809
2025-07-23 10:02:04,united states,bra Bras,25345,2387,27732
2025-07-23 10:02:14,united states,bra Bras,25626,3966,29592
2025-07-23 10:09:38,norway,knitted tank Tanks,42277,2309,44586
2025-07-23 10:09:38,norway,knitted t-shirt T-Shirts,42461,2450,44911
2025-07-23 10:09:46,norway,knitted t-shirt Short Sleeves,42241,2314,44555
2025-07-23 10:09:49,norway,knitted crop top Crop Tops,33049,2001,35050
2025-07-23 10:10:09,norway,knitted t-shirt Short Sleeves,42275,2229,44504
2025-07-23 10:12:09,norway,,42124,2040,44164
2025-07-23 10:12:46,norway,,32932,2030,34962
2025-07-23 10:14:33,united states,knitted sweatshirt Sweatshirts,55250,2371,57621
2025-07-23 10:14:33,united states,tights Tights,55216,2368,57584
2025-07-23 10:14:33,united states,knitted t-shirt T-Shirts,55222,2566,57788
2025-07-23 10:14:34,united states,bra Bras,25651,1826,27477
2025-07-23 10:14:36,united states,knitted pants Pants,55682,2220,57902
2025-07-23 10:14:36,united states,bra Bras,25632,2171,27803
2025-07-23 10:14:38,united states,knitted tights half Tights,55355,1877,57232
2025-07-23 10:14:39,united states,knitted tights Tights,55581,2228,57809
2025-07-23 10:14:39,united states,bra Bras,25345,2387,27732
2025-07-23 10:14:47,united states,bra Bras,25626,3966,29592
2025-07-23 10:22:40,united states,,25315,1624,26939
2025-07-23 10:22:56,united states,,25315,1606,26921
2025-07-23 10:23:21,united states,,25596,1575,27171
2025-07-23 10:30:43,united states,knitted sweatshirt Hoodies & Sweatshirts,55218,2188,57406
2025-07-23 10:30:43,united states,knitted pants Sweatpants,55188,2302,57490
2025-07-23 10:30:45,united states,knitted pants Trousers,55301,2532,57833
2025-07-23 10:30:45,united states,knitted sweatshirt Sweatshirts,55244,2516,57760
2025-07-23 10:30:45,united states,knitted hoodie Hoodies & Sweatshirts,55389,2520,57909
2025-07-23 10:30:46,united states,hoodie Sweatshirts,55375,2610,57985
2025-07-23 10:30:48,united states,knitted pants Pants,55186,2392,57578
2025-07-23 10:30:48,united states,knitted t-shirt Short Sleeves,55439,2552,57991
2025-07-23 10:30:49,united states,knitted sweatshirt Hoodies & Sweatshirts,55200,2722,57922
2025-07-23 10:31:01,united states,knitted sweatshirt Sweatshirts,55188,2683,57871
2025-07-23 10:38:10,united states,,55202,2242,57444
2025-07-23 10:38:44,united states,,55202,2242,57444
2025-07-23 10:45:48,united states,knitted pants Trousers,55321,2072,57393
2025-07-23 10:45:48,united states,knitted pants Pants,55206,2054,57260
2025-07-23 10:45:49,united states,hoodie Sweatshirts,55395,2425,57820
2025-07-23 10:45:50,united states,knitted pants Sweatpants,55208,2268,57476
2025-07-23 10:45:51,united states,knitted t-shirt Short Sleeves,55459,2587,58046
2025-07-23 10:45:53,united states,knitted sweatshirt Hoodies & Sweatshirts,55450,3239,58689
2025-07-23 10:45:53,united states,knitted hoodie Hoodies & Sweatshirts,55409,3759,59168
2025-07-23 10:46:23,united states,,55222,2407,57629
2025-07-23 11:52:40,united states,knitted pants Trousers,55321,2072,57393
2025-07-23 11:52:40,united states,knitted pants Pants,55206,2054,57260
2025-07-23 11:52:42,united states,knitted t-shirt Short Sleeves,55459,2587,58046
2025-07-23 11:52:42,united states,hoodie Sweatshirts,55395,2425,57820
2025-07-23 11:52:43,united states,knitted pants Sweatpants,55208,2268,57476
2025-07-23 11:52:47,united states,knitted hoodie Hoodies & Sweatshirts,55409,3759,59168
2025-07-23 11:52:47,united states,knitted sweatshirt Hoodies & Sweatshirts,55481,4084,59565
2025-07-23 11:54:26,united states,knitted pants Trousers,55321,2072,57393
2025-07-23 11:54:26,united states,knitted pants Pants,55206,2054,57260
2025-07-23 11:54:27,united states,knitted pants Sweatpants,55208,2268,57476
2025-07-23 11:54:27,united states,knitted t-shirt Short Sleeves,55459,2587,58046
2025-07-23 11:54:28,united states,hoodie Sweatshirts,55395,2425,57820
2025-07-23 11:54:31,united states,knitted hoodie Hoodies & Sweatshirts,55409,3759,59168
2025-07-23 11:54:31,united states,knitted sweatshirt Hoodies & Sweatshirts,55481,2553,58034
2025-07-23 11:56:48,united states,hoodie Sweatshirts,55395,2425,57820
2025-07-23 11:56:48,united states,knitted sweatshirt Hoodies & Sweatshirts,55481,2553,58034
2025-07-23 11:56:50,united states,knitted t-shirt Short Sleeves,55459,2587,58046
2025-07-23 11:56:53,united states,knitted hoodie Hoodies & Sweatshirts,55409,3759,59168
2025-07-23 12:10:11,united states,hoodie Sweatshirts,55395,2425,57820
2025-07-23 12:10:12,united states,knitted sweatshirt Hoodies & Sweatshirts,55481,2553,58034
2025-07-23 12:10:14,united states,knitted hoodie Hoodies & Sweatshirts,55409,3759,59168
2025-07-23 14:30:32,united states,knitted shorts Tights,55206,2196,57402
2025-07-23 14:30:33,united states,bra Bras,25639,1561,27200
2025-07-23 14:30:33,united states,knitted t-shirt T-Shirts,55210,2635,57845
2025-07-23 14:30:34,united states,bra Bras,25620,1917,27537
2025-07-23 14:30:36,united states,bra Bras,25671,1988,27659
2025-07-23 14:30:37,united states,knitted short tights Tights,55202,3896,59098
2025-07-23 14:30:42,united states,bra Bras,25452,2645,28097
2025-07-23 14:31:20,united states,,25335,2023,27358
2025-07-23 14:53:49,united states,knitted t-shirt T-Shirts,55210,2635,57845
2025-07-23 14:53:49,united states,bra Bras,25639,1561,27200
2025-07-23 14:53:53,united states,bra Bras,25620,2380,28000
2025-07-23 14:53:58,united states,bra Bras,25483,2443,27926
2025-07-23 14:53:59,united states,bra Bras,25671,1988,27659
2025-07-23 14:54:01,united states,knitted shorts Tights,55206,2196,57402
2025-07-23 14:54:37,united states,knitted short tights Tights,55202,3896,59098
2025-07-23 15:03:12,united states,bra Bras,25331,1785,27116
2025-07-23 15:03:12,united states,knitted t-shirt T-Shirts,55210,2635,57845
2025-07-23 15:03:14,united states,bra Bras,25612,2245,27857
2025-07-23 15:03:15,united states,bra Bras,25618,2432,28050
2025-07-23 15:03:16,united states,bra Bras,25637,2439,28076
2025-07-23 15:03:30,united states,knitted short tights Tights,55202,3896,59098
2025-07-23 15:03:46,united states,knitted shorts Tights,55206,2196,57402
2025-07-23 15:16:46,united states,knitted t-shirt T-Shirts,55333,2636,57969
2025-07-23 15:16:51,united states,bra Bras,25454,1769,27223
2025-07-23 15:16:51,united states,bra Bras,25741,1905,27646
2025-07-23 15:16:52,united states,bra Bras,25735,2485,28220
2025-07-23 15:16:53,united states,bra Bras,25760,2570,28330
2025-07-23 15:24:29,united states,knitted t-shirt T-Shirts,55333,2636,57969
2025-07-23 15:24:31,united states,bra Bras,25454,1602,27056
2025-07-23 15:24:32,united states,knitted shorts Tights,55329,2073,57402
2025-07-23 15:24:33,united states,bra Bras,25741,1905,27646
2025-07-23 15:24:49,united states,bra Bras,25735,2485,28220
2025-07-23 15:25:54,united states,bra Bras,25760,2570,28330
2025-07-23 16:12:34,united states,bra Bras,25454,1769,27223
2025-07-23 16:12:34,united states,knitted t-shirt T-Shirts,55333,2636,57969
2025-07-23 16:12:34,united states,bra Bras,25741,1905,27646
2025-07-23 16:12:40,united states,bra Bras,25735,2381,28116
2025-07-23 16:12:41,united states,bra Bras,25760,2595,28355
2025-07-23 16:17:30,norway,knitted t-shirt T-Shirts,42259,2139,44398
2025-07-23 16:17:31,norway,woven jacket Winter Jackets,43319,2423,45742
2025-07-23 16:17:32,norway,knitted hoodie Sweatshirts,42436,2193,44629
2025-07-23 16:17:34,norway,woven jacket Winter Jackets,43387,2185,45572
2025-07-23 16:17:35,norway,knitted hoodie Sweatshirts,42452,1925,44377
2025-07-23 16:17:35,norway,knitted tights short Tights,42619,2531,45150
2025-07-23 16:17:36,norway,woven pants Pants,43034,2396,45430
2025-07-23 16:19:27,united states,bra Bras,25454,1769,27223
2025-07-23 16:19:29,united states,knitted t-shirt T-Shirts,55333,2636,57969
2025-07-23 16:19:30,united states,bra Bras,25798,2346,28144
2025-07-23 16:19:33,united states,bra Bras,25760,2570,28330
2025-07-23 16:19:34,united states,bra Bras,25735,2485,28220
2025-07-23 16:19:38,united states,knitted shorts Tights,55329,2073,57402
2025-07-23 16:28:01,united states,bra Bras,25454,1602,27056
2025-07-23 16:29:28,united states,bra Bras,25511,1450,26961
2025-07-23 16:39:48,united states,bra Bras,109605,2811,112416
2025-07-23 16:40:51,united states,bra Bras,109605,2811,112416
2025-07-23 16:45:54,united states,knitted short tights Tights,55345,2326,57671
2025-07-24 11:38:12,united states,knitted t-shirt T-Shirts,55728,2506,58234
2025-07-24 11:38:12,united states,knitted t-shirt Short Sleeves,55602,2450,58052
2025-07-24 11:38:12,united states,knitted t-shirt T-Shirts,55343,2596,57939
2025-07-24 11:38:13,united states,knitted t-shirt T-Shirts,55379,2859,58238
2025-07-24 11:38:14,united states,knitted pants Pants,55614,3141,58755
2025-07-24 11:43:20,united states,knitted t-shirt Short Sleeves,55702,2561,58263
2025-07-24 11:43:21,united states,knitted t-shirt T-Shirts,55828,2736,58564
2025-07-24 11:43:24,united states,knitted t-shirt T-Shirts,55798,2692,58490
2025-07-24 11:43:25,united states,knitted tights short Tights,55919,2681,58600
2025-07-24 11:43:28,united states,knitted singlet Tanks,55441,2734,58175
2025-07-24 11:44:03,united states,knitted t-shirt Short Sleeves,55702,2561,58263
2025-07-24 11:44:04,united states,knitted tights short Tights,55919,2165,58084
2025-07-24 11:44:05,united states,knitted t-shirt T-Shirts,55828,2736,58564
2025-07-24 11:44:13,united states,knitted t-shirt T-Shirts,55798,2692,58490
2025-07-24 11:44:18,united states,knitted singlet Tanks,55441,2734,58175
2025-07-24 13:47:02,united states,knitted t-shirt Short Sleeves,55702,2561,58263
2025-07-24 13:47:05,united states,knitted t-shirt T-Shirts,55828,2736,58564
2025-07-24 13:47:05,united states,knitted singlet Tanks,55441,2734,58175
2025-07-24 13:47:06,united states,knitted t-shirt T-Shirts,55798,2692,58490
2025-07-24 15:37:54,canada,knitted hoodie Sweatshirts,55078,2320,57398
2025-07-24 15:37:54,canada,hoodie Sweatshirts,55092,2529,57621
2025-07-24 15:37:55,canada,knitted tank T-Shirts,55351,2229,57580
2025-07-24 15:37:56,canada,knitted t-shirt T-Shirts,55435,2906,58341
2025-07-24 15:37:57,canada,woven shorts Shorts,54776,2528,57304
2025-07-24 15:37:57,canada,knitted tank T-Shirts,55357,2796,58153
2025-07-24 15:37:57,canada,t-shirt T-Shirts,55398,2271,57669
2025-07-24 15:37:59,canada,knitted t-shirt T-Shirts,55084,2930,58014
2025-07-24 15:38:45,canada,knitted t-shirt T-Shirts,55136,3099,58235
2025-07-24 15:41:33,australia,knitted t-shirt T-Shirts,15333,2015,17348
2025-07-24 15:41:33,australia,knitted t-shirt T-Shirts,15385,2016,17401
2025-07-24 15:41:33,australia,knitted t-shirt T-Shirts,15684,2160,17844
2025-07-24 15:41:34,australia,knitted tank T-Shirts,15606,1878,17484
2025-07-24 15:41:34,australia,t-shirt T-Shirts,15647,2170,17817
2025-07-24 15:41:35,australia,woven shorts Shorts,14790,2258,17048
2025-07-24 15:41:36,australia,knitted t-shirt T-Shirts,15649,2469,18118
2025-07-24 15:41:36,australia,knitted tank T-Shirts,15600,2568,18168
2025-07-24 15:41:41,australia,knitted sweatshirt Sweatshirts,15538,862,16400
2025-07-24 15:41:42,australia,woven shorts Shorts,14761,889,15650
2025-07-24 15:41:42,australia,woven shorts Shorts,15039,857,15896
2025-07-24 15:41:45,australia,knitted hoodie Sweatshirts,15327,2082,17409
2025-07-24 15:41:45,australia,hoodie Sweatshirts,15341,2057,17398
2025-07-24 15:41:48,australia,knitted tights Tights,15710,2015,17725
2025-07-24 15:41:48,australia,knitted tights half Tights,15484,2200,17684
2025-07-24 15:42:19,australia,knitted pants Pants,15811,2551,18362
2025-07-24 16:18:20,australia,knitted sweatshirt Sweatshirts,15538,862,16400
2025-07-24 16:18:20,australia,woven shorts Shorts,15039,857,15896
2025-07-24 16:18:20,australia,t-shirt T-Shirts,15647,936,16583
2025-07-24 16:18:25,australia,knitted sweatshirt Sweatshirts,15377,2045,17422
2025-07-24 16:18:25,australia,hoodie Sweatshirts,15341,2057,17398
2025-07-24 16:18:26,australia,woven shorts Shorts,14761,2116,16877
2025-07-24 16:18:26,australia,tights Tights,15345,2185,17530
2025-07-24 16:18:28,australia,knitted hoodie Sweatshirts,15327,2698,18025
2025-07-24 16:18:29,australia,knitted tights Tights,15710,2015,17725
2025-07-24 16:18:30,australia,knitted tights half Tights,15484,2200,17684
2025-07-24 16:19:26,australia,woven pants Pants,14668,2183,16851
2025-07-24 16:19:26,australia,hoodie Sweatshirts,15403,2185,17588
2025-07-24 16:19:27,australia,woven pants Pants,14927,2266,17193
2025-07-24 16:19:27,australia,woven shorts Shorts,14761,2522,17283
2025-07-24 16:19:28,australia,woven pants Pants,14821,2467,17288
2025-07-24 16:19:28,australia,woven shorts Shorts,15018,2465,17483
2025-07-24 16:19:28,australia,woven shorts Shorts,15003,2400,17403
2025-07-24 16:19:29,australia,knitted pants Pants,15403,2200,17603
2025-07-24 16:19:32,australia,woven shorts Shorts,14680,2507,17187
2025-07-24 16:20:25,australia,knitted tank T-Shirts,15347,1926,17273
2025-07-24 16:20:25,australia,knitted t-shirt T-Shirts,15719,2059,17778
2025-07-24 16:20:26,australia,knitted joggers Pants,15361,2027,17388
2025-07-24 16:20:27,australia,knitted joggers Pants,15377,2423,17800
2025-07-24 16:20:28,australia,knitted tights Tights,15343,2160,17503
2025-07-24 16:20:29,australia,knitted sweatshirt Sweatshirts,15349,2534,17883
2025-07-24 16:20:29,australia,knitted hoodie Sweatshirts,15375,2353,17728
2025-07-24 16:20:30,australia,knitted shorts Shorts,15534,1985,17519
2025-07-24 16:21:26,australia,woven pants Pants,14668,2189,16857
2025-07-24 16:21:27,australia,woven pants Pants,14987,2473,17460
2025-07-24 16:21:28,australia,knitted hoodie Sweatshirts,15405,2349,17754
2025-07-24 16:21:39,australia,knitted crop top Sweatshirts,15542,2395,17937
2025-07-24 16:35:39,australia,knitted t-shirt T-Shirts,15351,772,16123
2025-07-24 16:35:44,australia,hoodie Sweatshirts,15403,2158,17561
2025-07-24 16:35:44,australia,hoodie Sweatshirts,15341,2057,17398
2025-07-24 16:35:44,australia,hoodie Sweatshirts,15363,2066,17429
2025-07-24 16:35:45,australia,knitted t-shirt T-Shirts,15359,2075,17434
2025-07-24 16:35:45,australia,long sleeves top Sweatshirts,15343,1906,17249
2025-07-24 16:35:47,australia,knitted hoodie Sweatshirts,15327,2698,18025
2025-07-24 16:35:47,australia,woven pants Pants,14674,2388,17062
2025-07-24 16:35:47,australia,knitted tights Tights,15337,2487,17824
2025-07-24 16:35:48,australia,knitted pants Pants,15811,2256,18067
2025-07-24 16:36:40,australia,knitted t-shirt T-Shirts,15670,840,16510
2025-07-24 16:36:45,australia,knitted hoodie Sweatshirts,15375,1939,17314
2025-07-24 16:36:46,australia,woven shorts Shorts,14777,2000,16777
2025-07-24 16:36:47,australia,knitted sweatshirt Sweatshirts,15349,2038,17387
2025-07-24 16:36:47,australia,woven shorts Shorts,15001,2324,17325
2025-07-24 16:36:48,australia,woven pants Pants,14668,2498,17166
2025-07-24 16:36:50,australia,woven sweatshirt Sweatshirts,14690,2444,17134
2025-07-24 16:47:25,australia,knitted t-shirt T-Shirts,15351,837,16188
2025-07-24 16:47:31,australia,long sleeves top Sweatshirts,15343,1863,17206
2025-07-24 16:47:32,australia,hoodie Sweatshirts,15341,2031,17372
2025-07-24 16:47:33,australia,hoodie Sweatshirts,15403,2185,17588
2025-07-24 16:47:33,australia,hoodie Sweatshirts,15363,2035,17398
2025-07-24 16:47:34,australia,knitted t-shirt T-Shirts,15359,2075,17434
2025-07-24 16:47:35,australia,knitted hoodie Sweatshirts,15327,2698,18025
2025-07-24 16:47:37,australia,knitted pants Pants,15811,2551,18362
2025-07-24 16:47:40,australia,woven pants Pants,14674,2240,16914
2025-07-24 16:47:42,australia,knitted tights Tights,15337,2487,17824
2025-07-24 16:48:25,australia,knitted t-shirt T-Shirts,15670,840,16510
2025-07-24 16:48:31,australia,knitted hoodie Sweatshirts,15375,1939,17314
2025-07-24 16:48:33,australia,woven shorts Shorts,14777,2145,16922
2025-07-24 16:48:34,australia,woven shorts Shorts,15001,2299,17300
2025-07-24 16:48:34,australia,woven sweatshirt Sweatshirts,14690,2444,17134
2025-07-24 16:48:34,australia,knitted sweatshirt Sweatshirts,15349,2038,17387
2025-07-24 16:48:36,australia,woven pants Pants,14668,2498,17166
2025-07-24 16:58:28,australia,knitted t-shirt T-Shirts,15351,772,16123
2025-07-24 16:58:33,australia,hoodie Sweatshirts,15341,2057,17398
2025-07-24 16:58:33,australia,hoodie Sweatshirts,15363,2066,17429
2025-07-24 16:58:33,australia,hoodie Sweatshirts,15403,2185,17588
2025-07-24 16:58:33,australia,knitted hoodie Sweatshirts,15327,2082,17409
2025-07-24 16:58:35,australia,long sleeves top Sweatshirts,15343,1863,17206
2025-07-24 16:58:35,australia,knitted t-shirt T-Shirts,15359,2485,17844
2025-07-24 16:58:36,australia,woven pants Pants,14674,2240,16914
2025-07-24 16:58:38,australia,knitted tights Tights,15337,2444,17781
2025-07-24 16:58:39,australia,knitted pants Pants,15811,2551,18362
2025-07-24 16:59:27,australia,knitted t-shirt T-Shirts,15670,840,16510
2025-07-24 16:59:33,australia,knitted sweatshirt Sweatshirts,15349,2038,17387
2025-07-24 16:59:34,australia,woven pants Pants,14668,2498,17166
2025-07-24 16:59:35,australia,woven sweatshirt Sweatshirts,14690,2503,17193
2025-07-24 16:59:35,australia,woven shorts Shorts,14777,2145,16922
2025-07-24 16:59:37,australia,knitted hoodie Sweatshirts,15375,2353,17728
2025-07-24 16:59:37,australia,woven shorts Shorts,15001,2299,17300
2025-07-24 17:21:11,australia,hoodie Sweatshirts,15363,2035,17398
2025-07-24 17:21:11,australia,knitted t-shirt T-Shirts,15351,772,16123
2025-07-24 17:21:12,australia,knitted hoodie Sweatshirts,15327,2082,17409
2025-07-24 17:21:12,australia,hoodie Sweatshirts,15403,2185,17588
2025-07-24 17:21:13,australia,hoodie Sweatshirts,15341,2031,17372
2025-07-24 17:21:13,australia,knitted t-shirt T-Shirts,15359,2485,17844
2025-07-24 17:21:16,australia,knitted pants Pants,15811,2256,18067
2025-07-24 17:21:17,australia,knitted tights Tights,15337,2487,17824
2025-07-24 17:22:06,australia,knitted t-shirt T-Shirts,15670,840,16510
2025-07-24 17:22:12,australia,knitted sweatshirt Sweatshirts,15349,2038,17387
2025-07-24 17:22:13,australia,woven pants Pants,14668,2498,17166
2025-07-24 17:22:13,australia,woven sweatshirt Sweatshirts,14690,2444,17134
2025-07-24 17:22:16,australia,woven shorts Shorts,15001,2324,17325
2025-07-24 17:22:17,australia,woven shorts Shorts,14777,2145,16922
2025-07-24 17:22:54,australia,knitted hoodie Sweatshirts,15375,2353,17728
2025-07-25 13:54:47,australia,knitted t-shirt T-Shirts,15351,772,16123
2025-07-25 13:54:53,australia,long sleeves top Sweatshirts,15343,1863,17206
2025-07-25 13:54:54,australia,hoodie Sweatshirts,15363,2035,17398
2025-07-25 13:54:54,australia,knitted t-shirt T-Shirts,15359,2075,17434
2025-07-25 13:54:54,australia,knitted hoodie Sweatshirts,15327,2082,17409
2025-07-25 13:54:54,australia,hoodie Sweatshirts,15341,2031,17372
2025-07-25 13:54:54,australia,hoodie Sweatshirts,15403,2185,17588
2025-07-25 13:54:56,australia,knitted tights Tights,15337,2487,17824
2025-07-25 13:54:56,australia,woven pants Pants,14674,2388,17062
2025-07-25 13:54:57,australia,knitted pants Pants,15811,2551,18362
2025-07-25 13:55:54,australia,woven shorts Shorts,14777,2145,16922
2025-07-25 13:55:55,australia,knitted hoodie Sweatshirts,15375,2353,17728
2025-07-25 13:55:55,australia,woven shorts Shorts,15001,2299,17300
2025-07-25 13:55:55,australia,knitted t-shirt T-Shirts,15670,2228,17898
2025-07-25 13:55:56,australia,woven sweatshirt Sweatshirts,14690,2444,17134
2025-07-25 13:55:56,australia,woven pants Pants,14668,2498,17166
2025-07-25 13:55:56,australia,knitted sweatshirt Sweatshirts,15349,2534,17883
2025-07-25 13:59:07,australia,knitted tank T-Shirts,15345,2105,17450
2025-07-25 13:59:07,australia,knitted pants Pants,15351,2075,17426
2025-07-25 13:59:07,australia,knitted t-shirt T-Shirts,15377,2208,17585
2025-07-25 13:59:07,australia,woven jacket Winter Jackets,14975,2259,17234
2025-07-25 13:59:08,australia,woven pants Pants,14682,2159,16841
2025-07-25 13:59:08,australia,woven jacket Winter Jackets,15045,2296,17341
2025-07-25 13:59:08,australia,knitted pants Pants,15339,2210,17549
2025-07-25 13:59:08,australia,knitted tights short Tights,15711,2266,17977
2025-07-25 13:59:09,australia,woven pants Pants,14666,2518,17184
2025-07-25 13:59:11,australia,knitted long sleeves t-shirt T-Shirts,15539,2922,18461
2025-07-25 13:59:59,australia,knitted tank Short Sleeves,15492,624,16116
2025-07-25 14:00:06,australia,knitted crop top Crop Tops,9694,1879,11573
2025-07-25 14:00:07,australia,woven pants Trousers,14660,1982,16642
2025-07-25 14:00:08,australia,knitted singlet Tanks,15339,2261,17600
2025-07-25 14:00:08,australia,knitted shorts Tights,15341,2304,17645
2025-07-25 14:00:08,australia,knitted pants Pants,15612,2481,18093
2025-07-25 14:00:09,australia,knitted tights Tights,15347,2561,17908
2025-07-25 14:00:09,australia,knitted t-shirt T-Shirts,15696,2425,18121
2025-07-25 14:00:09,australia,knitted t-shirt Short Sleeves,15504,2521,18025
2025-07-25 14:00:13,australia,woven shorts Shorts,14765,2997,17762
2025-07-25 14:01:00,australia,crop top Crop Tops,9785,675,10460
2025-07-25 14:01:00,australia,knitted t-shirt T-Shirts,15649,702,16351
2025-07-25 14:01:01,australia,knitted t-shirt T-Shirts,15649,858,16507
2025-07-25 14:01:02,australia,knitted t-shirt Short Sleeves,15405,1139,16544
2025-07-25 14:01:08,australia,woven pants Trousers,14672,2203,16875
2025-07-25 14:01:08,australia,woven pants Pants,14965,2284,17249
2025-07-25 14:01:09,australia,woven padded vest Vests,14987,2502,17489
2025-07-25 14:01:10,australia,woven shorts Shorts,14680,2544,17224
2025-07-25 14:01:11,australia,woven pants Trousers,14688,2701,17389
2025-07-25 14:01:16,australia,knitted t-shirt T-Shirts,15696,3997,19693
2025-07-25 14:02:00,australia,bra Bras,14678,699,15377
2025-07-25 14:02:00,australia,knitted t-shirt T-Shirts,15341,711,16052
2025-07-25 14:02:07,australia,knitted t-shirt Short Sleeves,15600,2313,17913
2025-07-25 14:02:08,australia,knitted hoodie Sweatshirts,15522,2465,17987
2025-07-25 14:02:09,australia,knitted t-shirt Short Sleeves,15359,2543,17902
2025-07-25 14:02:10,australia,bra Bras,15644,2476,18120
2025-07-25 14:02:10,australia,woven pants Pants,14925,2738,17663
2025-07-25 14:02:10,australia,knitted tights Tights,15347,2561,17908
2025-07-25 14:02:11,australia,knitted tank Tanks,15385,2766,18151
2025-07-25 14:02:11,australia,knitted hoodie Sweatshirts,15538,2761,18299
2025-07-25 14:03:01,australia,knitted t-shirt Short Sleeves,15405,841,16246
2025-07-25 14:18:32,australia,bra Bras,14678,699,15377
2025-07-25 14:18:32,australia,crop top Crop Tops,9785,675,10460
2025-07-25 14:18:33,australia,knitted t-shirt Short Sleeves,15405,841,16246
2025-07-25 14:18:33,australia,knitted t-shirt T-Shirts,15649,858,16507
2025-07-25 14:18:33,australia,knitted t-shirt Short Sleeves,15405,841,16246
2025-07-25 14:18:40,australia,knitted t-shirt Short Sleeves,15359,2526,17885
2025-07-25 14:18:41,australia,bra Bras,15644,2476,18120
2025-07-25 14:18:42,australia,woven padded vest Vests,14987,2502,17489
2025-07-25 14:18:42,australia,woven pants Trousers,14672,2492,17164
2025-07-25 14:18:43,australia,woven pants Trousers,14688,2701,17389
2025-08-07 11:39:27,united states,bra Bras,55767,2144,57911
2025-08-07 11:39:29,united states,bra Bras,55799,2569,58368
2025-08-07 11:39:29,united states,bra Bras,55611,2783,58394
2025-08-07 11:39:29,united states,bra Bras,55748,2451,58199
2025-08-07 11:55:34,united states,bra Bras,55748,2451,58199
2025-08-07 11:55:38,united states,bra Bras,55767,2144,57911
2025-08-07 11:55:54,united states,bra Bras,55611,2588,58199
2025-08-07 11:56:07,united states,bra Bras,55799,2569,58368
2025-08-07 13:54:31,united states,bra Bras,55767,2144,57911
2025-08-07 13:54:32,united states,bra Bras,55748,2451,58199
2025-08-07 13:55:24,united states,bra Bras,55799,2425,58224
2025-08-07 13:55:43,united states,bra Bras,55767,2144,57911
2025-08-07 13:55:44,united states,bra Bras,55611,1929,57540
2025-08-07 13:55:51,united states,bra Bras,55748,2451,58199
2025-08-07 13:55:56,united states,bra Bras,55799,2425,58224
2025-08-07 14:19:24,united states,bra Bras,55611,1929,57540
2025-08-07 14:19:26,united states,bra Bras,55748,2451,58199
2025-08-07 14:19:29,united states,bra Bras,55767,2144,57911
2025-08-07 14:19:46,united states,bra Bras,55799,2425,58224
2025-08-07 21:05:40,norway,woven pants Pants,43038,2082,45120
2025-08-07 21:05:40,norway,knitted hoodie Sweatshirts,42472,2000,44472
2025-08-07 21:05:40,norway,knitted hoodie Sweatshirts,42456,2067,44523
2025-08-07 21:05:41,norway,woven jacket Winter Jackets,43407,2136,45543
2025-08-07 21:05:41,norway,knitted tights short Tights,42639,2097,44736
2025-08-07 21:05:41,norway,knitted t-shirt T-Shirts,42279,2313,44592
2025-08-07 21:05:42,norway,knitted pants Pants,42544,2271,44815
2025-08-07 21:05:43,norway,woven pants Pants,43054,2846,45900
2025-08-07 21:05:43,norway,woven jacket Winter Jackets,43339,2949,46288
2025-08-07 21:05:48,norway,knitted t-shirt T-Shirts,42315,3470,45785
2025-08-07 21:15:15,norway,knitted tights short Tights,42639,2042,44681
2025-08-07 21:15:16,norway,knitted t-shirt T-Shirts,42279,2313,44592
2025-08-07 21:15:16,norway,woven jacket Winter Jackets,43339,2301,45640
2025-08-07 21:15:16,norway,knitted hoodie Sweatshirts,42472,2000,44472
2025-08-07 21:15:16,norway,knitted hoodie Sweatshirts,42456,2067,44523
2025-08-07 21:15:17,norway,woven pants Pants,43038,2082,45120
2025-08-07 21:15:19,norway,woven pants Pants,43054,2846,45900
2025-08-07 21:15:19,norway,woven jacket Winter Jackets,43407,2136,45543
2025-08-07 21:15:20,norway,knitted t-shirt T-Shirts,42315,3470,45785
2025-08-07 21:15:23,norway,knitted pants Pants,42544,4499,47043
2025-08-08 08:20:01,europe,knitted tights short Tights,12932,745,13677
2025-08-08 08:20:01,europe,woven pants Pants,13626,930,14556
2025-08-08 08:20:02,europe,knitted pants Pants,12572,802,13374
2025-08-08 08:20:02,europe,knitted long sleeves t-shirt T-Shirts,12760,826,13586
2025-08-08 08:20:02,europe,knitted t-shirt T-Shirts,12598,873,13471
2025-08-08 08:20:02,europe,knitted tank T-Shirts,12566,817,13383
2025-08-08 08:20:02,europe,knitted t-shirt T-Shirts,12562,776,13338
2025-08-08 08:20:03,europe,woven pants Pants,13610,916,14526
2025-08-08 08:20:09,europe,woven jacket Winter Jackets,13989,2380,16369
2025-08-08 08:20:09,europe,woven jacket Winter Jackets,13919,2370,16289
2025-08-08 08:50:25,europe,knitted tights short Tights,15008,1993,17001
2025-08-08 08:50:28,europe,knitted t-shirt T-Shirts,14674,2820,17494
2025-08-08 08:50:29,europe,woven pants Pants,15686,2830,18516
2025-08-08 08:50:29,europe,knitted long sleeves t-shirt T-Shirts,14836,2968,17804
2025-08-08 08:50:29,europe,woven pants Pants,15702,3093,18795
2025-08-08 08:50:30,europe,woven jacket Winter Jackets,15995,2892,18887
2025-08-08 08:50:30,europe,knitted pants Pants,14648,3177,17825
2025-08-08 08:50:31,europe,woven jacket Winter Jackets,16065,3104,19169
2025-08-08 08:50:34,europe,knitted tank T-Shirts,14642,3554,18196
2025-08-08 08:50:35,europe,knitted t-shirt T-Shirts,14638,3395,18033
2025-08-08 09:29:29,europe,knitted tights short Tights,15008,2584,17592
2025-08-08 09:29:30,europe,woven jacket Winter Jackets,16065,2853,18918
2025-08-08 09:29:30,europe,knitted t-shirt T-Shirts,14674,2820,17494
2025-08-08 09:29:30,europe,knitted tank T-Shirts,14642,2589,17231
2025-08-08 09:29:30,europe,woven pants Pants,15702,3093,18795
2025-08-08 09:29:31,europe,knitted long sleeves t-shirt T-Shirts,14836,2968,17804
2025-08-08 09:29:31,europe,knitted pants Pants,14648,3177,17825
2025-08-08 09:29:32,europe,woven pants Pants,15686,3199,18885
2025-08-08 09:29:32,europe,woven jacket Winter Jackets,15995,2942,18937
2025-08-08 09:29:33,europe,knitted t-shirt T-Shirts,14638,3481,18119
2025-08-08 09:38:41,europe,knitted tights short Tights,15008,2584,17592
2025-08-08 09:38:42,europe,woven pants Pants,15761,2801,18562
2025-08-08 09:38:42,europe,knitted t-shirt T-Shirts,14674,2820,17494
2025-08-08 09:38:43,europe,woven pants Pants,15702,3093,18795
2025-08-08 09:38:43,europe,knitted long sleeves t-shirt T-Shirts,14836,2968,17804
2025-08-08 09:38:43,europe,knitted pants Pants,14648,3177,17825
2025-08-08 09:38:43,europe,knitted t-shirt T-Shirts,14638,2457,17095
2025-08-08 09:38:44,europe,woven jacket Winter Jackets,16065,3104,19169
2025-08-08 09:38:46,europe,knitted tank T-Shirts,14642,3036,17678
2025-08-08 09:38:48,europe,woven jacket Winter Jackets,15995,3557,19552
2025-08-08 09:40:51,europe,knitted tights short Tights,15008,1993,17001
2025-08-08 09:40:54,europe,woven pants Pants,15823,2718,18541
2025-08-08 09:40:55,europe,woven pants Pants,15777,2817,18594
2025-08-08 09:40:55,europe,woven jacket Winter Jackets,16065,2853,18918
2025-08-08 09:40:55,europe,knitted tank T-Shirts,14642,2589,17231
2025-08-08 09:40:56,europe,knitted long sleeves t-shirt T-Shirts,14836,3074,17910
2025-08-08 09:40:56,europe,knitted pants Pants,14648,3177,17825
2025-08-08 09:40:57,europe,knitted t-shirt T-Shirts,14674,3214,17888
2025-08-08 09:40:58,europe,knitted t-shirt T-Shirts,14638,2921,17559
2025-08-08 09:41:02,europe,woven jacket Winter Jackets,15995,3557,19552
2025-08-08 10:39:11,europe,knitted joggers Pants,12771,2295,15066
2025-08-08 10:39:12,europe,woven sweatshirt Sweatshirts,17109,2816,19925
2025-08-08 10:39:13,europe,knitted hoodie Sweatshirts,12785,2436,15221
2025-08-08 10:39:14,europe,knitted tights Tights,12753,2662,15415
2025-08-08 10:39:14,europe,woven pants Pants,17087,3068,20155
2025-08-08 10:39:14,europe,knitted t-shirt T-Shirts,13080,2862,15942
2025-08-08 10:39:14,europe,woven shorts Shorts,17196,3144,20340
2025-08-08 10:39:16,europe,knitted pants Pants,12749,3449,16198
2025-08-08 10:39:17,europe,knitted sweatshirt Sweatshirts,12759,3484,16243
2025-08-08 10:39:17,europe,knitted joggers Pants,12787,3313,16100
2025-08-08 10:49:58,europe,woven sweatshirt Sweatshirts,17356,2536,19892
2025-08-08 10:49:58,europe,knitted tights Tights,13000,2535,15535
2025-08-08 10:50:00,europe,woven pants Pants,17303,2934,20237
2025-08-08 11:03:14,europe,knitted crop top Sweatshirts,13184,2250,15434
2025-08-08 11:03:16,europe,knitted shorts Shorts,13176,2746,15922
2025-08-08 11:03:17,europe,woven pants Pants,17638,2391,20029
2025-08-08 11:03:17,europe,knitted t-shirt T-Shirts,13361,2720,16081
2025-08-08 11:03:17,europe,woven shorts Shorts,17331,2898,20229
2025-08-08 11:03:17,europe,woven shorts Shorts,17654,3136,20790
2025-08-08 11:03:17,europe,woven shorts Shorts,17669,2662,20331
2025-08-08 11:03:18,europe,knitted tights Tights,12979,2178,15157
2025-08-08 11:03:19,europe,woven shorts Shorts,17412,3265,20677
2025-08-08 11:03:22,europe,woven shorts Shorts,17652,3307,20959
2025-08-08 11:04:57,europe,knitted tights Tights,12983,1950,14933
2025-08-08 11:04:58,europe,knitted t-shirt Long Sleeves,12995,2377,15372
2025-08-08 11:04:58,europe,knitted sweatshirt Hoodies & Sweatshirts,13003,2635,15638
2025-08-08 11:04:59,europe,bra Bras,13310,2569,15879
2025-08-08 11:04:59,europe,knitted t-shirt Long Sleeves,13001,2580,15581
2025-08-08 11:05:00,europe,knitted t-shirt T-Shirts,13397,2427,15824
2025-08-08 11:05:01,europe,knitted sweatshirt Sweatshirts,12991,2516,15507
2025-08-08 11:05:02,europe,knitted tights Tights,12989,2809,15798
2025-08-08 11:05:05,europe,knitted t-shirt Short Sleeves,13167,3299,16466
2025-08-08 11:05:06,europe,woven jacket Winter Jackets,17464,3249,20713
2025-08-08 11:12:03,norway,bra Bras,42596,1738,44334
2025-08-08 11:12:03,norway,knitted sweatshirt Sweatshirts,42287,2060,44347
2025-08-08 11:12:03,norway,knitted pants Trousers,42396,1999,44395
2025-08-08 11:12:04,norway,knitted tights Tights,42285,2213,44498
2025-08-08 11:12:21,norway,knitted t-shirt Long Sleeves,42297,2120,44417
2025-08-08 11:26:58,norway,bra Bras,42596,1738,44334
2025-08-08 11:26:59,norway,knitted sweatshirt Sweatshirts,42343,1914,44257
2025-08-08 11:26:59,norway,knitted sweatshirt Sweatshirts,42287,2060,44347
2025-08-08 11:26:59,norway,knitted t-shirt Long Sleeves,42297,2120,44417
2025-08-08 11:27:00,norway,knitted tights Tights,42285,2213,44498
2025-08-08 11:27:00,norway,knitted sweatshirt Hoodies & Sweatshirts,42299,2264,44563
2025-08-08 11:27:00,norway,knitted pants Trousers,42396,1999,44395
2025-08-08 11:27:01,norway,woven jacket Winter Jackets,43181,2189,45370
2025-08-08 11:27:03,norway,knitted t-shirt T-Shirts,42683,2840,45523
2025-08-08 11:27:03,norway,knitted sweatshirt Sweatshirts,42311,3208,45519
2025-08-08 11:40:30,australia,bra Bras,15668,1953,17621
2025-08-08 11:40:30,australia,woven shorts Shorts,14979,2121,17100
2025-08-08 11:40:31,australia,knitted t-shirt Long Sleeves,15353,2340,17693
2025-08-08 11:40:32,australia,knitted sweatshirt Hoodies & Sweatshirts,15361,1986,17347
2025-08-08 11:40:32,australia,knitted tights Tights,15347,2151,17498
2025-08-08 11:40:32,australia,knitted sweatshirt Sweatshirts,15349,2484,17833
2025-08-08 11:40:32,australia,knitted tights Tights,15341,2222,17563
2025-08-08 11:40:34,australia,knitted t-shirt Short Sleeves,15525,2495,18020
2025-08-08 11:40:35,australia,knitted t-shirt T-Shirts,15755,2428,18183
2025-08-08 11:40:35,australia,knitted t-shirt Long Sleeves,15359,2566,17925
2025-08-08 11:52:34,europe,knitted tank T-Shirts,13087,1918,15005
2025-08-08 11:52:35,europe,woven pants Pants,17647,2254,19901
2025-08-08 11:52:36,europe,knitted tights short Tights,13453,2394,15847
2025-08-08 11:52:37,europe,woven jacket Winter Jackets,17726,2452,20178
2025-08-08 11:52:37,europe,knitted pants Pants,13093,2470,15563
2025-08-08 11:52:38,europe,knitted t-shirt T-Shirts,13119,2637,15756
2025-08-08 11:52:38,europe,knitted t-shirt T-Shirts,13083,3001,16084
2025-08-08 11:52:40,europe,knitted long sleeves t-shirt T-Shirts,13281,2942,16223
2025-08-08 11:52:43,europe,woven jacket Winter Jackets,17796,3513,21309
2025-08-08 11:53:03,europe,woven pants Pants,17570,7003,24573
2025-08-08 11:58:01,europe,,17435,2472,19907
2025-08-08 11:58:41,europe,,17419,2575,19994
2025-08-08 11:59:31,europe,,17419,3101,20520
2025-08-08 12:05:54,europe,knitted t-shirt T-Shirts,13119,2320,15439
2025-08-08 12:05:55,europe,woven pants Pants,17722,2326,20048
2025-08-08 12:05:55,europe,woven pants Pants,17632,2501,20133
2025-08-08 12:19:15,europe,knitted t-shirt T-Shirts,13119,2637,15756
2025-08-08 12:19:15,europe,woven pants Pants,17632,2604,20236
2025-08-08 12:19:25,europe,woven pants Pants,17722,4523,22245
2025-08-08 12:25:54,europe,woven pants Pants,17722,2562,20284
2025-08-08 12:25:58,europe,knitted t-shirt T-Shirts,13119,3203,16322
2025-08-08 12:26:08,europe,woven pants Pants,17632,4991,22623
2025-08-08 12:53:33,europe,woven pants Pants,17632,2110,19742
2025-08-08 12:53:34,europe,knitted t-shirt T-Shirts,13119,2320,15439
2025-08-08 12:53:35,europe,woven pants Pants,17722,2127,19849
2025-08-08 13:06:48,europe,hoodie Sweatshirts,13145,2370,15515
2025-08-08 13:06:49,europe,woven pants Pants,17572,2263,19835
2025-08-08 13:06:49,europe,knitted t-shirt T-Shirts,13101,2374,15475
2025-08-08 13:06:49,europe,woven pants Pants,17425,2107,19532
2025-08-08 13:06:49,europe,knitted hoodie Sweatshirts,13147,2278,15425
2025-08-08 13:06:50,europe,hoodie Sweatshirts,13105,2428,15533
2025-08-08 13:06:50,europe,woven pants Pants,17419,2437,19856
2025-08-08 13:06:50,europe,knitted pants Pants,13145,2497,15642
2025-08-08 13:06:51,europe,knitted tank T-Shirts,13089,2897,15986
2025-08-08 13:06:55,europe,woven pants Pants,17678,3341,21019
2025-08-08 13:20:51,europe,woven pants Pants,17722,1932,19654
2025-08-08 13:20:52,europe,knitted t-shirt T-Shirts,13119,2320,15439
2025-08-08 13:20:52,europe,woven pants Pants,17632,2155,19787
2025-08-08 13:22:50,norway,knitted hoodie Sweatshirts,42472,2000,44472
2025-08-08 13:22:51,norway,knitted tights short Tights,42639,2097,44736
2025-08-08 13:22:55,norway,knitted t-shirt T-Shirts,42279,2313,44592
2025-08-08 13:22:56,norway,woven jacket Winter Jackets,43339,2949,46288
2025-08-08 13:23:03,norway,woven jacket Winter Jackets,43407,2136,45543
2025-08-08 13:23:08,norway,woven pants Pants,43038,2265,45303
2025-08-08 13:23:10,norway,knitted t-shirt T-Shirts,42315,2354,44669
2025-08-08 13:30:49,europe,woven pants Pants,17632,3198,20830
2025-08-08 13:30:52,europe,knitted t-shirt T-Shirts,13119,3203,16322
2025-08-08 13:30:53,europe,woven pants Pants,17722,3410,21132
2025-08-08 13:47:39,united states,bra Bras,55767,2648,58415
2025-08-08 13:48:46,united states,bra Bras,55611,2289,57900
2025-08-08 13:48:49,united states,bra Bras,55748,2574,58322
2025-08-08 13:56:18,europe,woven pants Pants,17632,1907,19539
2025-08-08 13:56:21,europe,woven pants Pants,17722,2508,20230
2025-08-08 13:56:21,europe,knitted t-shirt T-Shirts,13119,2637,15756
2025-08-08 13:57:49,europe,woven pants Pants,17722,2807,20529
2025-08-08 13:57:51,europe,knitted t-shirt T-Shirts,13119,2637,15756
2025-08-08 13:58:23,europe,woven pants Pants,17632,8068,25700
2025-08-08 13:59:48,norway,knitted hoodie Sweatshirts,42456,2067,44523
2025-08-08 13:59:48,norway,knitted hoodie Sweatshirts,42472,2000,44472
2025-08-08 13:59:48,norway,woven jacket Winter Jackets,43407,2136,45543
2025-08-08 13:59:49,norway,knitted t-shirt T-Shirts,42279,2313,44592
2025-08-08 13:59:50,norway,woven jacket Winter Jackets,43339,2949,46288
2025-08-08 14:00:48,norway,woven pants Pants,43054,2846,45900
2025-08-08 14:01:18,norway,knitted tights short Tights,42639,2097,44736
2025-08-08 14:51:53,switzerland,woven jacket Winter Jackets,86369,723,87092
2025-08-08 14:51:53,switzerland,woven jacket Winter Jackets,86297,771,87068
2025-08-08 14:51:54,switzerland,knitted tank T-Shirts,85956,1011,86967
2025-08-08 14:51:56,switzerland,knitted t-shirt T-Shirts,85988,1990,87978
2025-08-08 14:51:57,switzerland,knitted tights short Tights,86332,1910,88242
2025-08-08 14:51:57,switzerland,knitted pants Pants,85950,1878,87828
2025-08-08 14:51:57,switzerland,woven pants Pants,85980,2365,88345
2025-08-08 14:51:58,switzerland,knitted pants Pants,85962,2271,88233
2025-08-08 14:51:58,switzerland,woven pants Pants,85996,2030,88026
2025-08-08 14:52:00,switzerland,knitted long sleeves t-shirt T-Shirts,86156,2701,88857
2025-08-08 14:52:34,switzerland,,85964,2715,88679
2025-08-08 14:52:54,switzerland,,85964,2715,88679
2025-08-08 14:53:22,switzerland,,85964,2715,88679
2025-08-08 14:53:41,switzerland,,85964,2715,88679
2025-08-08 14:54:05,switzerland,,85964,2715,88679
2025-08-08 14:58:28,switzerland,woven jacket Winter Jackets,86297,771,87068
2025-08-08 14:58:29,switzerland,woven jacket Winter Jackets,86369,723,87092
2025-08-08 14:58:31,switzerland,knitted tank T-Shirts,85956,1011,86967
2025-08-08 14:58:32,switzerland,knitted pants Pants,86085,2042,88127
2025-08-08 14:58:32,switzerland,knitted pants Pants,85950,1878,87828
2025-08-08 14:58:33,switzerland,woven pants Pants,85996,2030,88026
2025-08-08 14:58:34,switzerland,knitted tights short Tights,86332,1910,88242
2025-08-08 14:58:34,switzerland,knitted t-shirt T-Shirts,85988,1990,87978
2025-08-08 14:58:36,switzerland,woven pants Pants,85980,2365,88345
2025-08-08 14:58:37,switzerland,knitted long sleeves t-shirt T-Shirts,86156,2701,88857
2025-08-08 14:59:01,switzerland,,85952,2267,88219
2025-08-08 15:00:30,switzerland,,85982,2470,88452
2025-08-08 15:00:51,switzerland,,85982,2470,88452
2025-08-08 15:01:40,switzerland,,85982,2470,88452
2025-08-08 15:06:40,switzerland,woven pants Pants,84339,2233,86572
2025-08-08 15:06:41,switzerland,woven jacket Winter Jackets,84566,2489,87055
2025-08-08 15:06:42,switzerland,knitted t-shirt T-Shirts,84287,2555,86842
2025-08-08 15:33:39,europe,t-shirt T-Shirts,13389,903,14292
2025-08-08 15:33:46,europe,knitted t-shirt T-Shirts,13075,2033,15108
2025-08-08 15:33:46,europe,knitted tights Tights,13452,1965,15417
2025-08-08 15:33:47,europe,knitted t-shirt T-Shirts,13127,2127,15254
2025-08-08 15:33:47,europe,knitted tank T-Shirts,13342,2383,15725
2025-08-08 15:33:48,europe,woven shorts Shorts,17541,2537,20078
2025-08-08 15:33:49,europe,knitted tank T-Shirts,13348,2462,15810
2025-08-08 15:33:49,europe,knitted hoodie Sweatshirts,13069,2520,15589
2025-08-08 15:33:51,europe,hoodie Sweatshirts,13083,2917,16000
2025-08-08 15:33:51,europe,knitted t-shirt T-Shirts,13426,2981,16407
2025-08-11 08:47:35,united states,knitted t-shirt Short Sleeves,55507,2343,57850
2025-08-11 08:47:36,united states,knitted t-shirt Short Sleeves,55507,2343,57850
2025-08-11 08:47:36,united states,knitted t-shirt Short Sleeves,55507,2343,57850
2025-08-11 08:50:28,united states,knitted t-shirt Short Sleeves,55507,2343,57850
2025-08-11 08:50:29,united states,knitted t-shirt Short Sleeves,55507,2343,57850
2025-08-11 08:50:29,united states,knitted t-shirt Short Sleeves,55507,2343,57850
2025-08-11 08:51:54,europe,knitted t-shirt Short Sleeves,13246,2266,15512
2025-08-11 08:51:54,europe,knitted tights Tights,13089,2329,15418
2025-08-11 08:51:55,europe,knitted tights Tights,13089,2329,15418
2025-08-11 08:51:56,europe,woven shorts Shorts,17516,2448,19964
2025-08-11 08:51:56,europe,knitted t-shirt T-Shirts,13438,2501,15939
2025-08-11 08:51:56,europe,knitted t-shirt Short Sleeves,13101,2654,15755
2025-08-11 08:51:57,europe,woven pants Trousers,17443,2718,20161
2025-08-11 08:51:58,europe,woven shorts Shorts,17752,2419,20171
2025-08-11 08:52:00,europe,knitted t-shirt T-Shirts,13121,2833,15954
2025-08-11 08:52:33,united states,knitted t-shirt Short Sleeves,55507,2343,57850
2025-08-11 08:52:49,united states,knitted t-shirt Short Sleeves,55507,2343,57850
2025-08-11 08:52:49,united states,knitted t-shirt Short Sleeves,55507,2343,57850
2025-08-11 08:53:29,europe,knitted t-shirt Short Sleeves,13101,2189,15290
2025-08-11 08:53:30,europe,knitted tights Tights,13089,2329,15418
2025-08-11 08:53:30,europe,knitted tights Tights,13089,2329,15418
2025-08-11 08:53:30,europe,knitted t-shirt T-Shirts,13438,2285,15723
2025-08-11 08:53:31,europe,knitted t-shirt Short Sleeves,13246,2480,15726
2025-08-11 08:53:31,europe,woven shorts Shorts,17516,2811,20327
2025-08-11 08:53:32,europe,knitted t-shirt T-Shirts,13121,2404,15525
2025-08-11 08:53:38,europe,woven shorts Shorts,17752,2324,20076
2025-08-11 08:53:56,europe,woven pants Trousers,17443,2718,20161
2025-08-11 10:12:38,australia,knitted t-shirt T-Shirts,15379,989,16368
2025-08-11 10:12:42,australia,knitted t-shirt T-Shirts,15696,2103,17799
2025-08-11 10:12:42,australia,woven pants Trousers,14692,2040,16732
2025-08-11 10:12:43,australia,knitted t-shirt T-Shirts,15696,2171,17867
2025-08-11 10:12:43,australia,knitted tights Tights,15347,2189,17536
2025-08-11 10:12:43,australia,knitted t-shirt T-Shirts,15359,2360,17719
2025-08-11 10:12:44,australia,knitted tights Tights,15347,2322,17669
2025-08-11 10:12:44,australia,woven shorts Shorts,14765,2361,17126
2025-08-11 10:12:45,australia,knitted t-shirt Short Sleeves,15359,2464,17823
2025-08-11 10:44:32,australia,knitted t-shirt T-Shirts,15379,989,16368
2025-08-11 10:44:37,australia,knitted t-shirt T-Shirts,15696,2171,17867
2025-08-11 10:44:37,australia,knitted t-shirt T-Shirts,15696,2103,17799
2025-08-11 10:44:37,australia,knitted t-shirt T-Shirts,15359,2311,17670
2025-08-11 10:44:37,australia,woven pants Trousers,14692,2040,16732
2025-08-11 10:44:38,australia,knitted tights Tights,15347,2322,17669
2025-08-11 10:44:39,australia,knitted tights Tights,15347,2189,17536
2025-08-11 10:44:41,australia,woven shorts Shorts,14765,2361,17126
2025-08-11 10:44:41,australia,knitted t-shirt Short Sleeves,15359,2464,17823
2025-08-11 10:46:11,australia,knitted t-shirt T-Shirts,15833,2136,17969
2025-08-11 10:46:33,australia,knitted t-shirt T-Shirts,15895,2537,18432
2025-08-11 11:50:50,australia,knitted tights Tights,18796,2218,21014
2025-08-11 11:51:50,australia,knitted tights Tights,18871,2086,20957
2025-08-11 11:54:27,australia,knitted tights Tights,18871,2086,20957
2025-08-11 11:54:27,australia,knitted tights Tights,18871,2086,20957
2025-08-11 11:55:23,australia,knitted tights Tights,18975,2835,21810
2025-08-11 11:55:23,australia,knitted tights Tights,18975,2835,21810
2025-08-11 12:10:05,europe,woven shorts Shorts,17431,2119,19550
2025-08-11 12:10:07,europe,knitted t-shirt T-Shirts,13426,2175,15601
2025-08-11 12:10:07,europe,knitted t-shirt Short Sleeves,13234,2723,15957
2025-08-11 12:10:08,europe,woven pants Trousers,17439,2471,19910
2025-08-11 12:10:09,europe,woven pants Pants,17435,2886,20321
2025-08-11 12:10:09,europe,woven pants Trousers,17423,2797,20220
2025-08-11 12:10:10,europe,knitted t-shirt Short Sleeves,13147,2929,16076
2025-08-11 12:10:10,europe,knitted t-shirt Short Sleeves,13147,2929,16076
2025-08-11 12:10:11,europe,woven padded vest Vests,17738,3059,20797
2025-08-11 12:10:12,europe,knitted tank Tanks,13141,3045,16186
2025-08-11 13:50:04,europe,woven padded vest Vests,17875,2614,20489
2025-08-11 13:53:40,europe,woven padded vest Vests,17875,2421,20296
2025-08-11 14:25:26,canada,knitted tights Tights,55577,2188,57765
2025-08-11 14:25:27,canada,knitted tights Tights,55577,2188,57765
2025-08-11 14:25:29,canada,woven shorts Shorts,54987,2356,57343
2025-08-11 14:25:29,canada,woven shorts Shorts,54751,2731,57482
2025-08-11 14:36:01,europe,woven padded vest Vests,17875,2318,20193
2025-08-11 14:52:42,switzerland,knitted shorts Tights,84630,818,85448
2025-08-11 14:52:44,switzerland,woven pants Pants,84267,1474,85741
2025-08-11 14:52:45,switzerland,woven pants Trousers,84332,2051,86383
2025-08-11 14:52:45,switzerland,woven pants Trousers,84271,2014,86285
2025-08-11 14:52:46,switzerland,knitted t-shirt Short Sleeves,84317,2105,86422
2025-08-11 14:52:46,switzerland,knitted tank Tanks,84311,2290,86601
2025-08-11 14:52:47,switzerland,knitted t-shirt Short Sleeves,84317,2105,86422
2025-08-11 14:52:47,switzerland,woven shorts Shorts,84263,2585,86848
2025-08-11 14:52:49,switzerland,knitted t-shirt T-Shirts,84604,2794,87398
2025-08-11 14:55:33,canada,woven shorts Shorts,54666,2301,56967
2025-08-11 14:55:33,canada,woven pants Pants,54900,2538,57438
2025-08-11 14:55:34,canada,woven pants Trousers,54674,2635,57309
2025-08-11 14:55:34,canada,woven pants Trousers,54658,2348,57006
2025-08-11 16:11:17,switzerland,knitted shorts Tights,84630,818,85448
2025-08-11 16:11:20,switzerland,woven pants Trousers,84271,2014,86285
2025-08-11 16:11:21,switzerland,woven pants Trousers,84332,2051,86383
2025-08-11 16:11:21,switzerland,woven shorts Shorts,84263,1999,86262
2025-08-11 16:11:22,switzerland,woven pants Pants,84267,1474,85741
2025-08-11 16:11:22,switzerland,knitted tank Tanks,84311,2290,86601
2025-08-11 16:11:23,switzerland,knitted t-shirt Short Sleeves,84317,2506,86823
2025-08-11 16:11:23,switzerland,knitted t-shirt Short Sleeves,84317,2506,86823
2025-08-11 16:11:24,switzerland,knitted t-shirt T-Shirts,84604,2794,87398
2025-08-11 16:43:50,switzerland,knitted shorts Tights,84630,818,85448
2025-08-11 16:43:52,switzerland,woven pants Trousers,84271,2014,86285
2025-08-11 16:43:53,switzerland,woven shorts Shorts,84263,1999,86262
2025-08-11 16:43:53,switzerland,woven pants Pants,84267,1474,85741
2025-08-11 16:43:54,switzerland,woven pants Trousers,84332,2051,86383
2025-08-11 16:43:54,switzerland,knitted t-shirt Short Sleeves,84317,2506,86823
2025-08-11 16:43:54,switzerland,knitted t-shirt Short Sleeves,84317,2506,86823
2025-08-11 16:43:55,switzerland,knitted tank Tanks,84311,2290,86601
2025-08-11 16:43:56,switzerland,knitted t-shirt T-Shirts,84604,2794,87398
2025-08-11 16:48:18,switzerland,knitted shorts Tights,84630,818,85448
2025-08-11 16:48:19,switzerland,woven pants Pants,84267,1474,85741
2025-08-11 16:48:20,switzerland,woven shorts Shorts,84263,1999,86262
2025-08-11 16:48:21,switzerland,woven pants Trousers,84271,2014,86285
2025-08-11 16:48:21,switzerland,knitted t-shirt Short Sleeves,84317,2506,86823
2025-08-11 16:48:22,switzerland,knitted t-shirt Short Sleeves,84317,2506,86823
2025-08-11 16:48:22,switzerland,knitted tank Tanks,84311,2290,86601
2025-08-11 16:48:23,switzerland,knitted t-shirt T-Shirts,84604,2794,87398
2025-08-11 16:48:23,switzerland,woven pants Trousers,84332,2051,86383
2025-08-11 16:49:19,europe,woven padded vest Vests,17875,2318,20193
2025-08-11 16:54:24,europe,woven padded vest Vests,17875,2318,20193
2025-08-11 16:55:00,europe,woven padded vest Vests,17875,2901,20776
2025-08-11 17:06:16,europe,woven padded vest Vests,18201,2712,20913
2025-08-11 17:07:51,switzerland,knitted shorts Tights,84630,818,85448
2025-08-11 17:07:54,switzerland,woven pants Pants,84267,1474,85741
2025-08-11 17:07:55,switzerland,woven pants Trousers,84332,2051,86383
2025-08-11 17:07:55,switzerland,woven shorts Shorts,84263,1999,86262
2025-08-11 17:07:56,switzerland,knitted t-shirt Short Sleeves,84317,2506,86823
2025-08-11 17:07:57,switzerland,knitted t-shirt Short Sleeves,84317,2506,86823
2025-08-11 17:07:57,switzerland,knitted tank Tanks,84311,2290,86601
2025-08-11 17:07:57,switzerland,woven pants Trousers,84271,2014,86285
2025-08-11 17:07:58,switzerland,knitted t-shirt T-Shirts,84604,2794,87398
2025-08-11 17:10:01,switzerland,woven shorts Shorts,84386,2188,86574
2025-08-11 17:11:07,switzerland,woven pants Trousers,84378,5325,89703
2025-08-12 14:04:27,europe,woven padded vest Vests,18201,3526,21727
2025-08-13 10:50:21,south korea,knitted t-shirt Short Sleeves,8199,582,8781
2025-08-13 10:50:21,south korea,knitted t-shirt Short Sleeves,8199,582,8781
2025-08-13 10:50:21,south korea,woven shorts Shorts,8369,691,9060
2025-08-13 10:50:21,south korea,knitted t-shirt T-Shirts,8478,671,9149
2025-08-13 10:50:21,south korea,woven pants Trousers,8377,708,9085
2025-08-13 10:50:22,south korea,knitted t-shirt Short Sleeves,8286,777,9063
2025-08-13 10:50:28,south korea,knitted tank Tanks,8193,1801,9994
2025-08-13 10:50:29,south korea,knitted tank Tanks,8208,2027,10235
2025-08-13 10:50:29,south korea,woven pants Pants,8373,1852,10225
2025-08-13 10:50:31,south korea,woven pants Trousers,8361,2369,10730
2025-08-13 11:00:38,united kingdom,knitted half tights Tights,11289,645,11934
2025-08-13 11:00:38,united kingdom,knitted t-shirt Short Sleeves,11100,668,11768
2025-08-13 11:00:38,united kingdom,knitted tights Tights,10916,688,11604
2025-08-13 11:00:38,united kingdom,knitted tank T-Shirts,11245,711,11956
2025-08-13 11:00:44,united kingdom,woven shorts Shorts,13748,1799,15547
2025-08-13 11:00:45,united kingdom,knitted tights Tights,11285,1923,13208
2025-08-13 11:00:46,united kingdom,woven padded vest Winter Jackets,13768,2125,15893
2025-08-13 11:00:46,united kingdom,knitted t-shirt Long Sleeves,10928,1853,12781
2025-08-13 11:00:46,united kingdom,knitted tights Tights,10922,2031,12953
2025-08-13 11:00:52,united kingdom,woven jacket Winter Jackets,13889,2757,16646
2025-08-13 11:19:25,united kingdom,knitted tights Tights,11041,1923,12964
2025-08-13 11:20:57,united kingdom,knitted tights Tights,10991,1943,12934
2025-08-13 11:21:17,united kingdom,knitted tights Tights,11084,1947,13031
2025-08-13 11:22:00,south korea,knitted tights Tights,8504,634,9138
2025-08-13 11:22:01,south korea,knitted half tights Tights,8508,665,9173
2025-08-13 11:22:02,south korea,knitted tank T-Shirts,8464,811,9275
2025-08-13 11:22:02,south korea,woven shorts Shorts,8361,859,9220
2025-08-13 11:22:06,south korea,knitted t-shirt Short Sleeves,8319,1780,10099
2025-08-13 11:22:06,south korea,knitted tights Tights,8135,1687,9822
2025-08-13 11:22:07,south korea,knitted tights Tights,8141,1864,10005
2025-08-13 11:22:08,south korea,knitted t-shirt Long Sleeves,8147,2114,10261
2025-08-13 11:22:09,south korea,woven padded vest Winter Jackets,8381,2052,10433
2025-08-13 11:22:12,south korea,woven jacket Winter Jackets,8502,2482,10984
2025-08-13 11:26:28,south korea,knitted tights Tights,8504,658,9162
2025-08-13 11:26:28,south korea,knitted half tights Tights,8508,665,9173
2025-08-13 11:26:28,south korea,woven shorts Shorts,8361,805,9166
2025-08-13 11:26:34,south korea,knitted t-shirt Short Sleeves,8319,1711,10030
2025-08-13 11:26:35,south korea,knitted t-shirt Long Sleeves,8147,1890,10037
2025-08-13 11:26:35,south korea,woven padded vest Winter Jackets,8381,1922,10303
2025-08-13 11:26:35,south korea,knitted tights Tights,8141,1917,10058
2025-08-13 11:26:35,south korea,knitted tights Tights,8135,1672,9807
2025-08-13 11:26:39,south korea,woven jacket Winter Jackets,8502,2482,10984
2025-08-13 11:26:42,south korea,knitted tank T-Shirts,8464,2992,11456
2025-08-13 13:26:47,europe,knitted half tights Tights,13782,2265,16047
2025-08-13 13:26:48,europe,knitted tights Tights,13778,2310,16088
2025-08-13 13:26:48,europe,knitted tights Tights,13409,2465,15874
2025-08-13 13:26:50,europe,knitted t-shirt Long Sleeves,13421,2399,15820
2025-08-13 13:26:50,europe,woven shorts Shorts,17749,2389,20138
2025-08-13 13:26:50,europe,knitted t-shirt Short Sleeves,13593,3078,16671
2025-08-13 13:26:51,europe,knitted tank Tanks,13482,2980,16462
2025-08-13 13:26:51,europe,woven padded vest Winter Jackets,17769,2684,20453
2025-08-13 13:26:51,europe,woven jacket Winter Jackets,17890,2581,20471
2025-08-13 13:26:52,europe,knitted tank T-Shirts,13738,3294,17032
2025-08-13 13:50:01,europe,knitted tights Tights,13409,2437,15846
2025-08-13 13:50:02,europe,knitted half tights Tights,13782,2702,16484
2025-08-13 13:50:03,europe,knitted tights Tights,13778,2591,16369
2025-08-13 13:50:03,europe,knitted tank Tanks,13482,2600,16082
2025-08-13 13:50:03,europe,woven shorts Shorts,17749,2389,20138
2025-08-13 13:50:04,europe,woven jacket Winter Jackets,17890,2581,20471
2025-08-13 13:50:05,europe,woven padded vest Winter Jackets,17769,2724,20493
2025-08-13 13:50:05,europe,knitted t-shirt Short Sleeves,13593,3078,16671
2025-08-13 13:50:06,europe,knitted tank T-Shirts,13738,3294,17032
2025-08-13 13:50:07,europe,knitted t-shirt Long Sleeves,13421,3263,16684
2025-08-13 14:07:57,japan,knitted t-shirt Short Sleeves,10052,727,10779
2025-08-13 14:07:57,japan,knitted tank Tanks,10061,752,10813
2025-08-13 14:07:57,japan,knitted tank Tanks,10061,794,10855
2025-08-13 14:07:58,japan,knitted t-shirt Short Sleeves,10138,841,10979
2025-08-13 14:07:59,japan,knitted tank Tanks,10046,808,10854
2025-08-13 14:08:03,japan,knitted t-shirt T-Shirts,10327,2017,12344
2025-08-13 14:08:03,japan,knitted tights Tights,10353,1989,12342
2025-08-13 14:08:04,japan,knitted half tights Tights,10357,2089,12446
2025-08-13 14:08:04,japan,knitted t-shirt T-Shirts,10327,2052,12379
2025-08-13 14:08:05,japan,knitted tank T-Shirts,10313,2206,12519
2025-08-14 14:32:52,europe,knitted tank T-Shirts,13738,2257,15995
2025-08-14 14:32:54,europe,knitted tights Tights,13515,2345,15860
2025-08-14 14:32:54,europe,woven shorts Shorts,17749,2389,20138
2025-08-14 14:32:55,europe,knitted half tights Tights,13782,2702,16484
2025-08-14 14:32:56,europe,knitted tights Tights,13778,2591,16369
2025-08-14 14:32:57,europe,woven jacket Winter Jackets,17890,2581,20471
2025-08-14 14:32:57,europe,woven padded vest Winter Jackets,17769,2631,20400
2025-08-14 14:32:58,europe,knitted tank Tanks,13482,2980,16462
2025-08-14 14:32:58,europe,knitted t-shirt Short Sleeves,13593,3078,16671
2025-08-14 14:33:00,europe,knitted t-shirt Long Sleeves,13421,3263,16684
2025-08-14 14:36:18,europe,knitted tights Tights,13515,2345,15860
2025-08-14 14:36:18,europe,knitted tank T-Shirts,13738,2257,15995
2025-08-14 14:36:19,europe,knitted tights Tights,13778,2350,16128
2025-08-14 14:36:19,europe,woven shorts Shorts,17749,2243,19992
2025-08-14 14:36:20,europe,knitted t-shirt Long Sleeves,13421,2429,15850
2025-08-14 14:36:20,europe,knitted half tights Tights,13782,2702,16484
2025-08-14 14:36:20,europe,knitted tank Tanks,13482,2600,16082
2025-08-14 14:36:22,europe,woven padded vest Winter Jackets,17769,2684,20453
2025-08-14 14:36:22,europe,knitted t-shirt Short Sleeves,13593,3078,16671
2025-08-14 14:36:25,europe,woven jacket Winter Jackets,17890,3161,21051
2025-08-15 08:29:37,europe,knitted tights Tights,13515,2381,15896
2025-08-15 08:29:37,europe,knitted tights Tights,13778,2331,16109
2025-08-15 08:29:38,europe,knitted tank T-Shirts,13738,2645,16383
2025-08-15 08:29:38,europe,knitted tank Tanks,13482,2522,16004
2025-08-15 08:29:38,europe,knitted t-shirt Short Sleeves,13593,2640,16233
2025-08-15 08:29:38,europe,knitted t-shirt Long Sleeves,13421,2399,15820
2025-08-15 08:29:39,europe,knitted half tights Tights,13782,2702,16484
2025-08-15 08:29:39,europe,woven shorts Shorts,17749,2525,20274
2025-08-15 08:29:40,europe,woven padded vest Winter Jackets,17769,2684,20453
2025-08-15 08:29:42,europe,woven jacket Winter Jackets,17890,3161,21051
2025-08-15 08:38:24,europe,knitted tights Tights,13415,2136,15551
2025-08-15 08:38:24,europe,knitted t-shirt Long Sleeves,13427,2156,15583
2025-08-15 08:38:24,europe,knitted t-shirt Short Sleeves,13668,2176,15844
2025-08-15 08:38:24,europe,knitted tank T-Shirts,13423,2268,15691
2025-08-15 08:38:25,europe,knitted t-shirt T-Shirts,13823,2342,16165
2025-08-15 08:38:26,europe,woven shorts Shorts,18056,2449,20505
2025-08-15 08:38:26,europe,knitted tank Tanks,13419,2810,16229
2025-08-15 08:38:27,europe,knitted pants Trousers,13530,2702,16232
2025-08-15 08:38:28,europe,woven shorts Shorts,18075,2619,20694
2025-08-15 08:38:36,europe,knitted t-shirt Short Sleeves,13425,4766,18191
2025-08-15 08:52:51,united kingdom,knitted t-shirt Short Sleeves,10932,654,11586
2025-08-15 08:52:52,united kingdom,woven shorts Shorts,14074,777,14851
2025-08-15 08:52:52,united kingdom,knitted t-shirt T-Shirts,11330,762,12092
2025-08-15 08:52:52,united kingdom,knitted pants Trousers,11037,797,11834
2025-08-15 08:52:53,united kingdom,woven shorts Shorts,14055,794,14849
2025-08-15 08:52:55,united kingdom,knitted t-shirt Short Sleeves,10932,1482,12414
2025-08-15 08:52:56,united kingdom,knitted tank Tanks,10926,1631,12557
2025-08-15 08:52:57,united kingdom,knitted tank T-Shirts,10930,1599,12529
2025-08-15 08:52:57,united kingdom,knitted t-shirt Short Sleeves,11175,1700,12875
2025-08-15 08:53:00,united kingdom,knitted t-shirt Long Sleeves,10934,2102,13036
2025-08-18 08:27:42,europe,knitted pants Trousers,13638,2413,16051
2025-08-18 08:27:42,europe,knitted t-shirt Long Sleeves,13535,2383,15918
2025-08-18 08:27:42,europe,knitted tights Tights,13523,2394,15917
2025-08-18 08:27:42,europe,woven shorts Shorts,18183,2687,20870
2025-08-18 08:27:43,europe,knitted t-shirt Short Sleeves,13533,2716,16249
2025-08-18 08:27:43,europe,knitted t-shirt Short Sleeves,13776,2744,16520
2025-08-18 08:27:44,europe,woven shorts Shorts,18164,2961,21125
2025-08-18 08:27:44,europe,knitted tank Tanks,13527,2841,16368
2025-08-18 08:27:45,europe,knitted tank T-Shirts,13531,2879,16410
2025-08-18 08:27:45,europe,knitted t-shirt T-Shirts,13931,2980,16911
2025-08-18 08:29:15,europe,woven shorts Shorts,18164,2189,20353
2025-08-18 08:29:15,europe,knitted tights Tights,13523,2071,15594
2025-08-18 08:29:16,europe,woven shorts Shorts,18183,2409,20592
2025-08-18 08:29:17,europe,knitted pants Trousers,13638,2413,16051
2025-08-18 08:29:17,europe,knitted t-shirt Long Sleeves,13535,2471,16006
2025-08-18 08:29:18,europe,knitted tank T-Shirts,13531,2602,16133
2025-08-18 08:29:18,europe,knitted tank Tanks,13527,2841,16368
2025-08-18 08:29:18,europe,knitted t-shirt Short Sleeves,13533,2716,16249
2025-08-18 08:29:18,europe,knitted t-shirt Short Sleeves,13776,2744,16520
2025-08-18 08:29:22,europe,knitted t-shirt T-Shirts,13931,3504,17435
2025-08-18 08:32:12,europe,woven shorts Shorts,18274,2292,20566
2025-08-18 08:32:13,europe,knitted t-shirt Short Sleeves,13886,2430,16316
2025-08-18 08:32:13,europe,knitted t-shirt Short Sleeves,13643,2253,15896
2025-08-18 08:32:14,europe,knitted pants Trousers,13748,2570,16318
2025-08-18 08:32:15,europe,knitted t-shirt T-Shirts,14041,2557,16598
2025-08-18 08:32:15,europe,woven shorts Shorts,18293,2595,20888
2025-08-18 08:32:15,europe,knitted t-shirt Long Sleeves,13645,2313,15958
2025-08-18 08:32:16,europe,knitted tank Tanks,13637,3021,16658
2025-08-18 08:32:17,europe,knitted tank T-Shirts,13641,2808,16449
2025-08-18 08:32:56,europe,knitted tights Tights,13633,2176,15809
2025-08-18 08:33:10,europe,knitted pants Trousers,13748,2051,15799
2025-08-18 08:33:13,europe,knitted t-shirt Short Sleeves,13886,2324,16210
2025-08-18 08:33:13,europe,knitted t-shirt Short Sleeves,13643,2253,15896
2025-08-18 08:33:13,europe,woven shorts Shorts,18274,2418,20692
2025-08-18 08:33:14,europe,woven shorts Shorts,18293,2595,20888
2025-08-18 08:33:15,europe,knitted t-shirt T-Shirts,14041,2557,16598
2025-08-18 08:33:16,europe,knitted tank Tanks,13637,3122,16759
2025-08-18 08:33:16,europe,knitted tank T-Shirts,13641,2808,16449
2025-08-18 08:33:17,europe,knitted t-shirt Long Sleeves,13645,2617,16262
2025-08-18 08:42:17,europe,knitted pants Trousers,13748,2051,15799
2025-08-18 08:42:18,europe,knitted t-shirt Short Sleeves,13643,2253,15896
2025-08-18 08:42:19,europe,knitted t-shirt Short Sleeves,13886,2275,16161
2025-08-18 08:42:19,europe,knitted t-shirt T-Shirts,14041,2557,16598
2025-08-18 08:42:20,europe,knitted tights Tights,13633,2486,16119
2025-08-18 08:42:20,europe,knitted t-shirt Long Sleeves,13645,2617,16262
2025-08-18 08:42:20,europe,woven shorts Shorts,18293,2729,21022
2025-08-18 08:42:21,europe,woven shorts Shorts,18274,2772,21046
2025-08-18 08:42:22,europe,knitted tank T-Shirts,13641,2808,16449
2025-08-18 08:42:22,europe,knitted tank Tanks,13637,3021,16658
2025-08-18 08:43:17,europe,knitted t-shirt Short Sleeves,13643,2253,15896
2025-08-18 08:43:18,europe,knitted t-shirt Short Sleeves,13886,2430,16316
2025-08-18 08:43:19,europe,woven shorts Shorts,18274,2292,20566
2025-08-18 08:43:19,europe,knitted t-shirt T-Shirts,14041,2557,16598
2025-08-18 08:43:19,europe,knitted tights Tights,13633,2486,16119
2025-08-18 08:43:19,europe,knitted t-shirt Long Sleeves,13645,2313,15958
2025-08-18 08:43:20,europe,knitted pants Trousers,13748,2577,16325
2025-08-18 08:43:21,europe,woven shorts Shorts,18293,2836,21129
2025-08-18 08:43:22,europe,knitted tank T-Shirts,13641,3091,16732
2025-08-18 08:43:22,europe,knitted tank Tanks,13637,3122,16759
2025-08-18 09:06:35,europe,knitted t-shirt Short Sleeves,13886,2324,16210
2025-08-18 09:06:35,europe,knitted t-shirt Short Sleeves,13643,2253,15896
2025-08-18 09:06:37,europe,knitted t-shirt T-Shirts,14041,2557,16598
2025-08-18 09:06:37,europe,knitted pants Trousers,13748,2577,16325
2025-08-18 09:06:37,europe,woven shorts Shorts,18274,2772,21046
2025-08-18 09:06:37,europe,woven shorts Shorts,18293,2836,21129
2025-08-18 09:06:37,europe,knitted tights Tights,13633,2486,16119
2025-08-18 09:06:38,europe,knitted tank Tanks,13637,3021,16658
2025-08-18 09:06:38,europe,knitted t-shirt Long Sleeves,13645,2617,16262
2025-08-18 09:06:40,europe,knitted tank T-Shirts,13641,2808,16449
2025-08-18 09:24:36,europe,woven shorts Shorts,18274,2292,20566
2025-08-18 09:24:36,europe,knitted t-shirt Short Sleeves,13643,2253,15896
2025-08-18 09:24:37,europe,knitted tights Tights,13633,2176,15809
2025-08-18 09:24:38,europe,knitted t-shirt Short Sleeves,13886,2275,16161
2025-08-18 09:24:38,europe,knitted t-shirt T-Shirts,14041,2557,16598
2025-08-18 09:24:39,europe,knitted pants Trousers,13748,2577,16325
2025-08-18 09:24:39,europe,knitted t-shirt Long Sleeves,13645,2617,16262
2025-08-18 09:24:40,europe,knitted tank Tanks,13637,3021,16658
2025-08-18 09:24:40,europe,woven shorts Shorts,18293,2836,21129
2025-08-18 09:24:41,europe,knitted tank T-Shirts,13641,3091,16732
2025-08-20 10:01:52,europe,knitted t-shirt T-Shirts,13661,2063,15724
2025-08-20 10:01:54,europe,knitted t-shirt T-Shirts,13935,2024,15959
2025-08-20 10:01:55,europe,hoodie Sweatshirts,13822,2348,16170
2025-08-20 10:01:55,europe,knitted t-shirt T-Shirts,13935,2261,16196
2025-08-20 10:01:55,europe,knitted pants Pants,13633,2366,15999
2025-08-20 10:01:57,europe,knitted hoodie Hoodies & Sweatshirts,13836,2505,16341
2025-08-20 10:01:57,europe,woven shorts Shorts,18334,2623,20957
2025-08-20 10:01:58,europe,t-shirt T-Shirts,13933,2787,16720
2025-08-20 10:01:58,europe,woven shorts Shorts,18299,2955,21254
2025-08-20 10:02:00,europe,knitted pants Trousers,13637,2837,16474
2025-08-20 10:02:47,europe,knitted t-shirt T-Shirts,13619,1206,14825
2025-08-20 10:02:52,europe,knitted hoodie Sweatshirts,13613,2479,16092
2025-08-20 10:02:57,europe,knitted t-shirt T-Shirts,13671,2770,16441
2025-08-20 10:02:57,europe,knitted tank T-Shirts,13892,2462,16354
2025-08-20 10:02:57,europe,knitted t-shirt T-Shirts,13970,2598,16568
2025-08-20 10:02:58,europe,woven shorts Shorts,18085,2730,20815
2025-08-20 10:02:58,europe,knitted tank T-Shirts,13886,2653,16539
2025-08-20 10:02:59,europe,hoodie Sweatshirts,13627,2975,16602
2025-08-20 15:02:42,europe,hoodie Sweatshirts,13822,2154,15976
2025-08-20 15:02:42,europe,knitted t-shirt T-Shirts,13661,2175,15836
2025-08-20 15:02:43,europe,knitted hoodie Hoodies & Sweatshirts,13836,2172,16008
2025-08-20 15:02:43,europe,t-shirt T-Shirts,13933,2693,16626
2025-08-20 15:02:43,europe,knitted t-shirt T-Shirts,13935,2360,16295
2025-08-20 15:02:44,europe,knitted pants Pants,13633,3224,16857
2025-08-20 15:02:44,europe,knitted pants Trousers,13637,2360,15997
2025-08-20 15:02:44,europe,knitted t-shirt T-Shirts,13935,2516,16451
2025-08-20 15:02:44,europe,woven shorts Shorts,18334,2588,20922
2025-08-20 15:02:45,europe,woven shorts Shorts,18299,2955,21254
2025-08-20 15:02:45,europe,knitted t-shirt T-Shirts,13619,2030,15649
2025-08-20 16:45:58,europe,knitted t-shirt T-Shirts,13661,2175,15836
2025-08-20 16:45:58,europe,knitted pants Trousers,13637,2360,15997
2025-08-20 16:45:59,europe,knitted t-shirt T-Shirts,13935,2329,16264
2025-08-20 16:45:59,europe,hoodie Sweatshirts,13822,2550,16372
2025-08-20 16:45:59,europe,knitted hoodie Hoodies & Sweatshirts,13836,2467,16303
2025-08-20 16:45:59,europe,knitted t-shirt T-Shirts,13935,2516,16451
2025-08-20 16:45:59,europe,woven shorts Shorts,18334,2588,20922
2025-08-20 16:45:59,europe,woven shorts Shorts,18299,2494,20793
2025-08-20 16:46:00,europe,t-shirt T-Shirts,13933,2693,16626
2025-08-20 16:46:00,europe,knitted pants Pants,13633,2794,16427
2025-08-20 16:48:34,hong kong,knitted pants Trousers,15842,697,16539
2025-08-20 16:48:34,hong kong,knitted t-shirt T-Shirts,16129,683,16812
2025-08-20 16:48:34,hong kong,woven shorts Shorts,16976,692,17668
2025-08-20 16:48:35,hong kong,woven shorts Shorts,16957,809,17766
2025-08-20 16:48:37,hong kong,woven jacket Winter Jackets,16797,1027,17824
2025-08-20 16:48:40,hong kong,knitted tank T-Shirts,15739,1761,17500
2025-08-20 16:48:42,hong kong,knitted tank Tanks,15735,1932,17667
2025-08-20 16:48:43,hong kong,knitted tights Tights,15731,1974,17705
2025-08-20 16:48:45,hong kong,knitted t-shirt Long Sleeves,15743,2054,17797
2025-08-20 16:48:46,hong kong,knitted t-shirt Short Sleeves,15903,2285,18188
2025-08-20 16:49:33,hong kong,knitted t-shirt T-Shirts,15759,566,16325
2025-08-20 16:49:34,hong kong,woven shorts Shorts,16774,738,17512
2025-08-20 16:49:34,hong kong,knitted t-shirt Short Sleeves,15741,616,16357
2025-08-20 16:49:35,hong kong,woven shorts Shorts,16982,720,17702
2025-08-20 16:49:35,hong kong,hoodie Sweatshirts,15916,815,16731
2025-08-20 16:49:35,hong kong,knitted tank T-Shirts,15976,770,16746
2025-08-20 16:49:40,hong kong,knitted t-shirt T-Shirts,15769,1961,17730
2025-08-20 16:49:43,hong kong,knitted tank T-Shirts,15982,1843,17825
2025-08-20 16:49:44,hong kong,knitted t-shirt T-Shirts,16058,2168,18226
2025-08-20 16:49:44,hong kong,knitted hoodie Sweatshirts,15711,2223,17934
2025-08-20 16:50:34,hong kong,knitted t-shirt T-Shirts,16023,555,16578
2025-08-20 16:50:34,hong kong,knitted t-shirt Short Sleeves,15741,605,16346
2025-08-20 16:50:35,hong kong,knitted t-shirt T-Shirts,16023,556,16579
2025-08-20 16:50:35,hong kong,t-shirt T-Shirts,16021,731,16752
2025-08-20 16:50:35,hong kong,knitted pants Pants,15731,703,16434
2025-08-20 16:50:35,hong kong,knitted hoodie Hoodies & Sweatshirts,15930,844,16774
2025-08-20 16:50:35,hong kong,knitted t-shirt Short Sleeves,15976,631,16607
2025-08-20 16:50:35,hong kong,hoodie Hoodies & Sweatshirts,15922,729,16651
2025-08-20 16:50:36,hong kong,knitted t-shirt T-Shirts,15717,730,16447
2025-08-20 16:50:36,hong kong,woven shorts Shorts,17017,890,17907
2025-08-21 14:53:39,south korea,knitted t-shirt Short Sleeves,8214,562,8776
2025-08-21 14:53:40,south korea,knitted t-shirt Short Sleeves,8214,562,8776
2025-08-21 14:53:40,south korea,knitted t-shirt T-Shirts,8612,671,9283
2025-08-21 14:53:40,south korea,woven shorts Shorts,8750,725,9475
2025-08-21 14:53:46,south korea,knitted tank Tanks,8208,1635,9843
2025-08-21 14:53:47,south korea,knitted pants Trousers,8319,1993,10312
2025-08-21 14:53:47,south korea,knitted tank T-Shirts,8212,2055,10267
2025-08-21 14:53:48,south korea,woven shorts Shorts,8731,2044,10775
2025-08-21 14:53:48,south korea,knitted t-shirt Long Sleeves,8216,2152,10368
2025-08-21 14:53:50,south korea,knitted t-shirt Short Sleeves,8457,2317,10774
2025-08-21 14:54:41,south korea,knitted t-shirt T-Shirts,8506,758,9264
2025-08-21 14:54:41,south korea,knitted t-shirt T-Shirts,8541,818,9359
2025-08-21 14:54:41,south korea,knitted t-shirt T-Shirts,8232,641,8873
2025-08-21 14:54:46,south korea,knitted t-shirt T-Shirts,8242,1939,10181
2025-08-21 14:54:46,south korea,knitted t-shirt T-Shirts,8190,1870,10060
2025-08-21 14:54:47,south korea,hoodie Hoodies & Sweatshirts,8399,1681,10080
2025-08-21 14:54:47,south korea,knitted pants Pants,8204,1861,10065
2025-08-21 14:54:48,south korea,hoodie Sweatshirts,8198,1843,10041
2025-08-21 14:54:49,south korea,knitted hoodie Hoodies & Sweatshirts,8407,2076,10483
2025-08-21 14:54:51,south korea,knitted tank T-Shirts,8463,2324,10787
2025-08-21 14:55:39,south korea,knitted hoodie Sweatshirts,8184,559,8743
2025-08-21 14:55:40,south korea,woven shorts Shorts,8542,703,9245
2025-08-21 14:55:40,south korea,knitted t-shirt T-Shirts,8506,599,9105
2025-08-21 14:55:40,south korea,hoodie Sweatshirts,8393,708,9101
2025-08-21 14:55:40,south korea,woven shorts Shorts,8756,705,9461
2025-08-21 14:55:40,south korea,woven shorts Shorts,8791,757,9548
2025-08-21 14:55:41,south korea,t-shirt T-Shirts,8504,792,9296
2025-08-21 14:55:45,south korea,knitted pants Trousers,8208,1835,10043
2025-08-21 14:55:46,south korea,knitted tights half Tights,8341,1794,10135
2025-08-21 14:55:51,south korea,knitted tank T-Shirts,8457,2547,11004
2025-08-21 15:13:30,south korea,knitted t-shirt T-Shirts,8612,671,9283
2025-08-21 15:13:30,south korea,knitted pants Trousers,8319,707,9026
2025-08-21 15:13:30,south korea,knitted t-shirt Short Sleeves,8214,646,8860
2025-08-21 15:13:33,south korea,woven shorts Shorts,8750,728,9478
2025-08-21 15:13:36,south korea,knitted t-shirt Long Sleeves,8216,1969,10185
2025-08-21 15:13:37,south korea,knitted tank T-Shirts,8212,2055,10267
2025-08-21 15:13:38,south korea,woven shorts Shorts,8731,2044,10775
2025-08-21 15:13:42,south korea,knitted tank Tanks,8208,2019,10227
2025-08-21 15:14:28,south korea,knitted hoodie Sweatshirts,8184,559,8743
2025-08-21 15:14:29,south korea,t-shirt T-Shirts,8504,790,9294
2025-08-21 15:14:29,south korea,knitted t-shirt T-Shirts,8232,767,8999
2025-08-21 15:14:30,south korea,knitted t-shirt T-Shirts,8506,758,9264
2025-08-21 15:14:37,south korea,knitted t-shirt T-Shirts,8242,2051,10293
2025-08-21 15:15:31,south korea,knitted t-shirt T-Shirts,8541,813,9354
2025-08-21 15:15:32,south korea,hoodie Sweatshirts,8393,652,9045
2025-08-21 15:15:32,south korea,woven shorts Shorts,8756,719,9475
2025-08-21 15:15:35,south korea,knitted pants Trousers,8208,1779,9987
2025-08-21 15:15:37,south korea,knitted hoodie Hoodies & Sweatshirts,8407,2017,10424
2025-08-21 15:15:37,south korea,knitted tights half Tights,8341,1892,10233
2025-08-21 15:15:37,south korea,knitted t-shirt T-Shirts,8190,2032,10222
2025-08-21 15:15:38,south korea,hoodie Hoodies & Sweatshirts,8399,1681,10080
2025-08-21 15:15:39,south korea,hoodie Sweatshirts,8198,1937,10135
2025-08-21 15:15:45,south korea,knitted tank T-Shirts,8457,2804,11261
2025-08-21 17:10:29,hong kong,knitted t-shirt Short Sleeves,15903,692,16595
2025-08-21 17:10:29,hong kong,woven shorts Shorts,16976,692,17668
2025-08-21 17:10:29,hong kong,knitted t-shirt T-Shirts,16129,666,16795
2025-08-21 17:10:29,hong kong,knitted pants Trousers,15842,731,16573
2025-08-21 17:10:30,hong kong,woven jacket Winter Jackets,16797,1105,17902
2025-08-21 17:10:30,hong kong,knitted t-shirt Long Sleeves,15743,1852,17595
2025-08-21 17:10:30,hong kong,knitted tank Tanks,15735,1932,17667
2025-08-21 17:10:30,hong kong,knitted tights Tights,15731,2061,17792
2025-08-21 17:10:30,hong kong,knitted tank T-Shirts,15739,2400,18139
2025-08-21 17:10:31,hong kong,woven shorts Shorts,16957,2678,19635
2025-08-21 17:10:31,hong kong,knitted t-shirt T-Shirts,16023,556,16579
2025-08-21 17:10:31,hong kong,hoodie Hoodies & Sweatshirts,15922,734,16656
2025-08-21 17:10:31,hong kong,knitted t-shirt T-Shirts,15759,745,16504
2025-08-21 17:10:31,hong kong,knitted t-shirt T-Shirts,16023,626,16649
2025-08-21 17:10:31,hong kong,t-shirt T-Shirts,16021,731,16752
2025-08-21 17:10:32,hong kong,knitted tank T-Shirts,15976,658,16634
2025-08-21 17:10:32,hong kong,knitted t-shirt T-Shirts,15717,730,16447
2025-08-21 17:10:32,hong kong,knitted tank T-Shirts,15982,2271,18253
2025-08-21 17:10:32,hong kong,knitted t-shirt T-Shirts,15769,2114,17883
2025-08-21 17:10:32,hong kong,knitted hoodie Sweatshirts,15711,2223,17934
2025-08-21 17:11:03,hong kong,knitted t-shirt Short Sleeves,15741,605,16346
2025-08-21 17:11:03,hong kong,knitted t-shirt Short Sleeves,15976,631,16607
2025-08-21 17:11:04,hong kong,knitted t-shirt Short Sleeves,15741,653,16394
2025-08-21 17:11:04,hong kong,knitted hoodie Hoodies & Sweatshirts,15930,726,16656
2025-08-21 17:11:05,hong kong,hoodie Sweatshirts,15916,767,16683
2025-08-21 17:11:05,hong kong,knitted t-shirt T-Shirts,16058,782,16840
2025-08-21 17:11:05,hong kong,woven shorts Shorts,16774,886,17660
2025-08-21 17:11:05,hong kong,woven shorts Shorts,16982,813,17795
2025-08-21 17:11:06,hong kong,woven shorts Shorts,17017,854,17871
2025-08-21 17:11:11,hong kong,knitted pants Pants,15731,2082,17813
2025-08-21 17:18:33,south korea,knitted t-shirt T-Shirts,8612,693,9305
2025-08-21 17:18:33,south korea,knitted pants Trousers,8319,707,9026
2025-08-21 17:18:35,south korea,knitted t-shirt Short Sleeves,8214,484,8698
2025-08-21 17:18:40,south korea,knitted t-shirt Long Sleeves,8216,1969,10185
2025-08-21 17:18:40,south korea,knitted tank T-Shirts,8212,2062,10274
2025-08-21 17:18:40,south korea,woven shorts Shorts,8731,2044,10775
2025-08-21 17:18:41,south korea,knitted tank Tanks,8208,2019,10227
2025-08-21 17:18:42,south korea,knitted t-shirt Short Sleeves,8457,1600,10057
2025-08-21 17:19:31,south korea,knitted hoodie Sweatshirts,8184,512,8696
2025-08-21 17:19:33,south korea,knitted t-shirt T-Shirts,8506,758,9264
2025-08-21 17:19:38,south korea,knitted tights half Tights,8341,1794,10135
2025-08-21 17:19:39,south korea,knitted t-shirt T-Shirts,8242,2051,10293
2025-08-21 17:19:41,south korea,knitted t-shirt T-Shirts,8190,1928,10118
2025-08-21 17:20:34,south korea,knitted t-shirt Short Sleeves,8214,562,8776
2025-08-21 17:20:34,south korea,knitted t-shirt T-Shirts,8612,671,9283
2025-08-21 17:20:34,south korea,knitted pants Trousers,8319,707,9026
2025-08-21 17:20:35,south korea,woven shorts Shorts,8750,728,9478
2025-08-21 17:20:35,south korea,knitted t-shirt Short Sleeves,8214,646,8860
2025-08-21 17:20:41,south korea,woven shorts Shorts,8731,1758,10489
2025-08-21 17:20:41,south korea,knitted t-shirt Short Sleeves,8457,1600,10057
2025-08-21 17:20:41,south korea,knitted tank Tanks,8208,1635,9843
2025-08-21 17:20:42,south korea,knitted tank T-Shirts,8212,2055,10267
2025-08-21 17:20:43,south korea,knitted t-shirt Long Sleeves,8216,2152,10368
2025-08-21 17:21:33,south korea,knitted t-shirt T-Shirts,8506,583,9089
2025-08-21 17:21:34,south korea,hoodie Sweatshirts,8393,632,9025
2025-08-21 17:21:34,south korea,knitted t-shirt T-Shirts,8506,604,9110
2025-08-21 17:21:34,south korea,woven shorts Shorts,8756,705,9461
2025-08-21 17:21:35,south korea,knitted t-shirt T-Shirts,8232,767,8999
2025-08-21 17:21:35,south korea,woven shorts Shorts,8791,757,9548
2025-08-21 17:21:40,south korea,hoodie Hoodies & Sweatshirts,8399,1681,10080
2025-08-21 17:21:41,south korea,knitted pants Pants,8204,1863,10067
2025-08-21 17:21:41,south korea,knitted pants Trousers,8208,1754,9962
2025-08-21 17:21:44,south korea,knitted hoodie Hoodies & Sweatshirts,8407,2017,10424
2025-08-21 17:22:33,south korea,knitted hoodie Sweatshirts,8184,512,8696
2025-08-21 17:22:34,south korea,woven shorts Shorts,8542,674,9216
2025-08-21 17:22:35,south korea,t-shirt T-Shirts,8504,790,9294
2025-08-21 17:22:36,south korea,knitted t-shirt T-Shirts,8541,963,9504
2025-08-21 17:22:41,south korea,knitted t-shirt T-Shirts,8242,1939,10181
2025-08-21 17:22:41,south korea,hoodie Sweatshirts,8198,1843,10041
2025-08-21 17:22:42,south korea,knitted tights half Tights,8341,1914,10255
2025-08-21 17:22:42,south korea,knitted t-shirt T-Shirts,8190,2032,10222
2025-08-21 17:22:43,south korea,knitted tank T-Shirts,8457,2243,10700
2025-08-21 17:22:44,south korea,knitted tank T-Shirts,8463,2324,10787
2025-08-26 13:28:26,united states,knitted tights Tights,55812,2085,57897
2025-08-26 13:28:26,united states,tights Tights,55447,2190,57637
2025-08-26 13:28:27,united states,knitted pants Pants,55505,2187,57692
2025-08-26 13:28:27,united states,knitted tights half Tights,55586,2411,57997
2025-08-26 13:28:27,united states,knitted t-shirt T-Shirts,55487,2569,58056
2025-08-26 13:28:28,united states,knitted t-shirt T-Shirts,55461,2547,58008
2025-08-26 13:28:28,united states,knitted pants Pants,55913,2558,58471
2025-08-26 13:28:28,united states,knitted t-shirt T-Shirts,55435,2576,58011
2025-08-26 13:28:29,united states,long sleeves top Sweatshirts,55445,2380,57825
2025-08-26 13:28:29,united states,knitted t-shirt T-Shirts,55453,2772,58225
2025-08-26 13:29:24,norway,tights Tights,42283,1948,44231
2025-08-26 13:29:24,norway,knitted sweatshirt Sweatshirts,42472,1997,44469
2025-08-26 13:29:25,norway,knitted sweatshirt Sweatshirts,42315,2055,44370
2025-08-26 13:29:26,norway,knitted t-shirt T-Shirts,42289,2160,44449
2025-08-26 13:29:26,norway,woven shorts Shorts,43129,2448,45577
2025-08-26 13:29:27,norway,woven shorts Shorts,43401,2714,46115
2025-08-26 13:43:18,south korea,knitted sweatshirt Sweatshirts,8395,661,9056
2025-08-26 13:43:19,south korea,woven shorts Shorts,8791,752,9543
2025-08-26 13:43:23,south korea,woven shorts Shorts,8513,1744,10257
2025-08-26 13:43:24,south korea,knitted tank T-Shirts,8204,1584,9788
2025-08-26 13:43:24,south korea,knitted sweatshirt Sweatshirts,8234,1927,10161
2025-08-26 13:43:24,south korea,knitted hoodie Sweatshirts,8262,1670,9932
2025-08-26 13:43:24,south korea,tights Tights,8202,1754,9956
2025-08-26 13:43:24,south korea,long sleeves top Sweatshirts,8200,1695,9895
2025-08-26 13:43:27,south korea,knitted pants Pants,8668,2163,10831
2025-08-26 13:43:27,south korea,knitted t-shirt T-Shirts,8208,2721,10929
2025-08-26 13:50:34,japan,knitted t-shirt T-Shirts,10094,680,10774
2025-08-26 13:50:34,japan,knitted t-shirt T-Shirts,10042,590,10632
2025-08-26 13:50:34,japan,knitted t-shirt T-Shirts,10042,590,10632
2025-08-26 13:50:34,japan,hoodie Sweatshirts,10050,662,10712
2025-08-26 13:50:35,japan,knitted t-shirt T-Shirts,10388,845,11233
2025-08-26 13:50:35,japan,knitted tank T-Shirts,10305,878,11183
2025-08-26 13:50:35,japan,knitted t-shirt T-Shirts,10388,845,11233
2025-08-26 13:50:35,japan,knitted hoodie Sweatshirts,10036,833,10869
2025-08-26 13:50:35,japan,knitted pants Pants,10515,888,11403
2025-08-26 13:50:43,japan,knitted tights half Tights,10191,2001,12192
2025-10-13 15:43:04,canada,Shoes Low cut,37416,2193,39609
2025-10-13 15:43:13,canada,Shoes Low cut,37430,2523,39953
2025-10-13 15:43:13,brazil,Shoes Low cut,5766,1519,7285
2025-10-13 15:43:13,brazil,Shoes Mid Cut,5766,1789,7555
2025-10-13 15:43:13,hong kong,Shoes Mid Cut,5639,1753,7392
2025-10-13 15:43:14,australia,Low cut Shoes Low cut,24702,2029,26731
2025-10-13 15:43:14,japan,Shoes Low cut,8149,1996,10145
2025-10-13 15:43:14,australia,Shoes Low cut,24618,1867,26485
2025-10-13 15:43:14,europe,Low cut Shoes Low cut,10267,1990,12257
2025-10-13 15:43:15,europe,Shoes Low cut,10183,2181,12364
2025-10-13 15:44:03,japan,Shoes Low cut,8067,2137,10204
2025-10-13 15:44:11,united states,Shoes Mid Cut,49289,2067,51356
2025-10-13 15:44:12,switzerland,Shoes Low cut,83116,1971,85087
2025-10-13 15:44:13,switzerland,Shoes Low cut,83034,1837,84871
2025-10-13 15:44:14,united kingdom,Shoes Low cut,8089,1799,9888
2025-10-13 15:44:16,south korea,Shoes Low cut,5493,1903,7396
2025-10-13 15:44:18,norway,Shoes Low cut,31564,2139,33703
2025-10-13 15:44:26,united states,Shoes Mid Cut,49303,7454,56757
